date,tasa_de_interes
2000-01-03,9.3949
2000-01-04,9.4564
2000-01-05,9.5455
2000-01-06,9.5705
2000-01-07,9.515
2000-01-10,9.4464
2000-01-11,9.478
2000-01-12,9.5352
2000-01-13,9.5057
2000-01-14,9.4483
2000-01-17,9.4172
2000-01-18,9.4383
2000-01-19,9.4086
2000-01-20,9.4038
2000-01-21,9.4463
2000-01-24,9.4838
2000-01-25,9.5288
2000-01-26,9.5103
2000-01-27,9.5123
2000-01-28,9.5727
2000-01-31,9.6253
2000-02-01,9.5956
2000-02-02,9.5724
2000-02-03,9.5011
2000-02-04,9.4803
2000-02-07,9.4327
2000-02-08,9.4018
2000-02-09,9.3998
2000-02-10,9.4348
2000-02-11,9.4212
2000-02-14,9.3988
2000-02-15,9.388
2000-02-16,9.371
2000-02-17,9.3905
2000-02-18,9.3592
2000-02-21,9.4108
2000-02-22,9.4395
2000-02-23,9.4067
2000-02-24,9.3798
2000-02-25,9.3748
2000-02-28,9.4033
2000-02-29,9.3662
2000-03-01,9.3633
2000-03-02,9.3382
2000-03-03,9.3115
2000-03-06,9.3215
2000-03-07,9.3009
2000-03-08,9.2662
2000-03-09,9.2837
2000-03-10,9.3125
2000-03-13,9.3338
2000-03-14,9.3127
2000-03-15,9.3436
2000-03-16,9.3224
2000-03-17,9.3255
2000-03-20,9.3185
2000-03-22,9.2765
2000-03-23,9.2398
2000-03-24,9.1712
2000-03-27,9.1775
2000-03-28,9.1883
2000-03-29,9.2331
2000-03-30,9.3015
2000-03-31,9.2845
2000-04-03,9.2761
2000-04-04,9.2878
2000-04-05,9.3835
2000-04-06,9.3535
2000-04-07,9.3218
2000-04-10,9.2868
2000-04-11,9.3918
2000-04-12,9.3965
2000-04-13,9.3988
2000-04-14,9.4842
2000-04-17,9.4882
2000-04-18,9.4388
2000-04-19,9.3939
2000-04-24,9.4443
2000-04-25,9.4078
2000-04-26,9.4073
2000-04-27,9.4521
2000-04-28,9.4127
2000-05-02,9.3374
2000-05-03,9.3848
2000-05-04,9.3928
2000-05-08,9.4918
2000-05-09,9.4855
2000-05-10,9.5702
2000-05-11,9.5768
2000-05-12,9.5661
2000-05-15,9.582
2000-05-16,9.5088
2000-05-17,9.5451
2000-05-18,9.5751
2000-05-19,9.615
2000-05-22,9.5778
2000-05-23,9.509
2000-05-24,9.5328
2000-05-25,9.494
2000-05-26,9.5274
2000-05-29,9.5326
2000-05-30,9.516
2000-05-31,9.511
2000-06-01,9.4988
2000-06-02,9.5461
2000-06-05,9.5442
2000-06-06,9.657
2000-06-07,9.7942
2000-06-08,9.8519
2000-06-09,9.9263
2000-06-12,9.8546
2000-06-13,9.7645
2000-06-14,9.7879
2000-06-15,9.8478
2000-06-16,9.9243
2000-06-19,9.9031
2000-06-20,9.8644
2000-06-21,9.8568
2000-06-22,9.8707
2000-06-23,9.9805
2000-06-26,10.0197
2000-06-27,10.0787
2000-06-28,9.9538
2000-06-29,9.9003
2000-06-30,9.8243
2000-07-03,9.5461
2000-07-04,9.4876
2000-07-05,9.5384
2000-07-06,9.546
2000-07-07,9.5195
2000-07-10,9.5023
2000-07-11,9.428
2000-07-12,9.4748
2000-07-13,9.4368
2000-07-14,9.4152
2000-07-17,9.3491
2000-07-18,9.3327
2000-07-19,9.4118
2000-07-20,9.3608
2000-07-21,9.3485
2000-07-24,9.3337
2000-07-25,9.3657
2000-07-26,9.3627
2000-07-27,9.361
2000-07-28,9.3578
2000-07-31,9.3667
2000-08-01,9.3428
2000-08-02,9.3462
2000-08-03,9.3881
2000-08-04,9.3574
2000-08-07,9.3353
2000-08-08,9.3353
2000-08-09,9.326
2000-08-10,9.3198
2000-08-11,9.2918
2000-08-14,9.2516
2000-08-15,9.2504
2000-08-16,9.1923
2000-08-17,9.1873
2000-08-18,9.2293
2000-08-21,9.2563
2000-08-22,9.2322
2000-08-23,9.2773
2000-08-24,9.2268
2000-08-25,9.2342
2000-08-28,9.2093
2000-08-29,9.2317
2000-08-30,9.2108
2000-08-31,9.1995
2000-09-01,9.2014
2000-09-04,9.2231
2000-09-05,9.2612
2000-09-06,9.3115
2000-09-07,9.3141
2000-09-08,9.3243
2000-09-11,9.2814
2000-09-12,9.2542
2000-09-13,9.286
2000-09-14,9.3125
2000-09-15,9.3517
2000-09-18,9.4172
2000-09-19,9.425
2000-09-20,9.4483
2000-09-21,9.4347
2000-09-22,9.479
2000-09-25,9.4218
2000-09-26,9.4032
2000-09-27,9.4088
2000-09-28,9.429
2000-09-29,9.4459
2000-10-02,9.4142
2000-10-03,9.4014
2000-10-04,9.4292
2000-10-05,9.4515
2000-10-06,9.46
2000-10-09,9.4753
2000-10-10,9.4632
2000-10-11,9.479
2000-10-12,9.5193
2000-10-13,9.5879
2000-10-16,9.5351
2000-10-17,9.5443
2000-10-18,9.5765
2000-10-19,9.5333
2000-10-20,9.5605
2000-10-23,9.5736
2000-10-24,9.5757
2000-10-25,9.6242
2000-10-26,9.6777
2000-10-27,9.6443
2000-10-30,9.5995
2000-10-31,9.5642
2000-11-01,9.5824
2000-11-03,9.599
2000-11-06,9.6438
2000-11-07,9.6544
2000-11-08,9.6166
2000-11-09,9.6533
2000-11-10,9.6008
2000-11-13,9.558
2000-11-14,9.4963
2000-11-15,9.4625
2000-11-16,9.4828
2000-11-17,9.4828
2000-11-21,9.4098
2000-11-22,9.379
2000-11-23,9.4057
2000-11-24,9.393
2000-11-27,9.3692
2000-11-28,9.4058
2000-11-29,9.3973
2000-11-30,9.4155
2000-12-04,9.4132
2000-12-05,9.3737
2000-12-06,9.402
2000-12-07,9.4263
2000-12-08,9.3984
2000-12-11,9.4418
2000-12-13,9.4497
2000-12-14,9.4127
2000-12-15,9.4079
2000-12-18,9.3788
2000-12-19,9.379
2000-12-20,9.4348
2000-12-21,9.5727
2000-12-22,9.598
2000-12-26,9.5201
2000-12-27,9.5722
2000-12-28,9.5997
2000-12-29,9.6098
2001-01-02,9.714
2001-01-03,9.834
2001-01-04,9.708
2001-01-05,9.7546
2001-01-08,9.69
2001-01-09,9.7417
2001-01-10,9.8167
2001-01-11,9.8548
2001-01-12,9.8798
2001-01-15,9.9018
2001-01-16,9.9778
2001-01-17,9.8878
2001-01-18,9.887
2001-01-19,9.7953
2001-01-22,9.7863
2001-01-23,9.7683
2001-01-24,9.6923
2001-01-25,9.683
2001-01-26,9.6909
2001-01-29,9.6687
2001-01-30,9.6692
2001-01-31,9.6828
2001-02-01,9.7328
2001-02-02,9.756
2001-02-06,9.6998
2001-02-07,9.6945
2001-02-08,9.6464
2001-02-09,9.7238
2001-02-12,9.7389
2001-02-13,9.7065
2001-02-14,9.7219
2001-02-15,9.6763
2001-02-16,9.7022
2001-02-19,9.7044
2001-02-20,9.6797
2001-02-21,9.709
2001-02-22,9.7278
2001-02-23,9.7183
2001-02-26,9.6618
2001-02-27,9.6827
2001-02-28,9.7025
2001-03-01,9.7052
2001-03-02,9.6688
2001-03-05,9.637
2001-03-06,9.6409
2001-03-07,9.6542
2001-03-08,9.6468
2001-03-09,9.6703
2001-03-12,9.6625
2001-03-13,9.632
2001-03-14,9.576
2001-03-15,9.5843
2001-03-16,9.6233
2001-03-19,9.5683
2001-03-20,9.5188
2001-03-22,9.5722
2001-03-23,9.654
2001-03-26,9.5315
2001-03-27,9.5139
2001-03-28,9.538
2001-03-29,9.5203
2001-03-30,9.4933
2001-04-02,9.4152
2001-04-03,9.3914
2001-04-04,9.4201
2001-04-05,9.414
2001-04-06,9.4059
2001-04-09,9.3587
2001-04-10,9.3093
2001-04-11,9.2908
2001-04-16,9.323
2001-04-17,9.2723
2001-04-18,9.1966
2001-04-19,9.2748
2001-04-20,9.3525
2001-04-23,9.37
2001-04-24,9.2768
2001-04-25,9.3123
2001-04-26,9.2671
2001-04-27,9.3049
2001-04-30,9.2537
2001-05-02,9.283
2001-05-03,9.2873
2001-05-04,9.2579
2001-05-07,9.2212
2001-05-08,9.2048
2001-05-09,9.216
2001-05-10,9.1967
2001-05-11,9.225
2001-05-14,9.1922
2001-05-15,9.161
2001-05-16,9.1645
2001-05-17,8.9952
2001-05-18,8.9774
2001-05-21,8.9428
2001-05-22,8.966
2001-05-23,9.0398
2001-05-24,9.0805
2001-05-25,9.0945
2001-05-28,9.0781
2001-05-29,9.0851
2001-05-30,9.1653
2001-05-31,9.1835
2001-06-01,9.1735
2001-06-04,9.1369
2001-06-05,9.1722
2001-06-06,9.1208
2001-06-07,9.1235
2001-06-08,9.068
2001-06-11,9.029
2001-06-12,9.094
2001-06-13,9.118
2001-06-14,9.0523
2001-06-15,9.0522
2001-06-18,9.0502
2001-06-19,9.0792
2001-06-20,9.0798
2001-06-21,9.057
2001-06-22,9.073
2001-06-25,9.0595
2001-06-26,9.0606
2001-06-27,9.0608
2001-06-28,9.09
2001-06-29,9.0708
2001-07-02,9.0221
2001-07-03,9.0258
2001-07-04,9.0707
2001-07-05,9.0312
2001-07-06,9.1503
2001-07-09,9.1193
2001-07-10,9.1476
2001-07-11,9.2953
2001-07-12,9.342
2001-07-13,9.3542
2001-07-16,9.2918
2001-07-17,9.1855
2001-07-18,9.1283
2001-07-19,9.2
2001-07-20,9.1796
2001-07-23,9.1107
2001-07-24,9.1087
2001-07-25,9.1599
2001-07-26,9.157
2001-07-27,9.192
2001-07-30,9.1472
2001-07-31,9.1408
2001-08-01,9.2111
2001-08-02,9.1698
2001-08-03,9.1638
2001-08-06,9.1292
2001-08-07,9.12
2001-08-08,9.0958
2001-08-09,9.0897
2001-08-10,9.1247
2001-08-13,9.0863
2001-08-14,9.1206
2001-08-15,9.094
2001-08-16,9.0833
2001-08-17,9.1155
2001-08-20,9.1383
2001-08-21,9.1227
2001-08-22,9.1158
2001-08-23,9.1205
2001-08-24,9.1444
2001-08-27,9.1123
2001-08-28,9.1365
2001-08-29,9.1438
2001-08-30,9.1692
2001-08-31,9.2
2001-09-03,9.1936
2001-09-04,9.1957
2001-09-05,9.2587
2001-09-06,9.2898
2001-09-07,9.3242
2001-09-10,9.3716
2001-09-11,9.5475
2001-09-12,9.4447
2001-09-13,9.4748
2001-09-14,9.4942
2001-09-17,9.4478
2001-09-18,9.4455
2001-09-19,9.4185
2001-09-20,9.4802
2001-09-21,9.4848
2001-09-24,9.4315
2001-09-25,9.4842
2001-09-26,9.5258
2001-09-27,9.5542
2001-09-28,9.5098
2001-10-01,9.5037
2001-10-02,9.5217
2001-10-03,9.5273
2001-10-04,9.5243
2001-10-05,9.5808
2001-10-08,9.5666
2001-10-09,9.5163
2001-10-10,9.4053
2001-10-11,9.3397
2001-10-12,9.3538
2001-10-15,9.2753
2001-10-16,9.235
2001-10-17,9.234
2001-10-18,9.231
2001-10-19,9.1971
2001-10-22,9.1977
2001-10-23,9.2243
2001-10-24,9.2173
2001-10-25,9.2469
2001-10-26,9.2722
2001-10-29,9.2421
2001-10-30,9.2682
2001-10-31,9.2542
2001-11-01,9.2892
2001-11-02,9.2783
2001-11-05,9.2221
2001-11-06,9.2132
2001-11-07,9.2088
2001-11-08,9.2115
2001-11-09,9.2318
2001-11-12,9.2708
2001-11-13,9.2519
2001-11-14,9.2362
2001-11-15,9.2028
2001-11-16,9.2121
2001-11-19,9.1968
2001-11-21,9.1409
2001-11-22,9.1547
2001-11-23,9.1476
2001-11-26,9.1647
2001-11-27,9.2372
2001-11-28,9.2762
2001-11-29,9.2815
2001-11-30,9.2681
2001-12-03,9.205
2001-12-04,9.2197
2001-12-05,9.2165
2001-12-06,9.2401
2001-12-07,9.2124
2001-12-10,9.1865
2001-12-11,9.1819
2001-12-13,9.1204
2001-12-14,9.0798
2001-12-17,9.1198
2001-12-18,9.1052
2001-12-19,9.1175
2001-12-20,9.1682
2001-12-21,9.1235
2001-12-24,9.0923
2001-12-26,9.0957
2001-12-27,9.1423
2001-12-28,9.1692
2001-12-31,9.1695
2002-01-02,9.1037
2002-01-03,9.1142
2002-01-04,9.1368
2002-01-07,9.1554
2002-01-08,9.1678
2002-01-09,9.2044
2002-01-10,9.2444
2002-01-11,9.2734
2002-01-14,9.1923
2002-01-15,9.1711
2002-01-16,9.1993
2002-01-17,9.1255
2002-01-18,9.119
2002-01-21,9.1219
2002-01-22,9.1521
2002-01-23,9.148
2002-01-24,9.1227
2002-01-25,9.1295
2002-01-28,9.1585
2002-01-29,9.1714
2002-01-30,9.1974
2002-01-31,9.1463
2002-02-01,9.1544
2002-02-04,9.1627
2002-02-06,9.1294
2002-02-07,9.1381
2002-02-08,9.1465
2002-02-11,9.0787
2002-02-12,9.0896
2002-02-13,9.0607
2002-02-14,9.0838
2002-02-15,9.0652
2002-02-18,9.0638
2002-02-19,9.069
2002-02-20,9.0858
2002-02-21,9.0757
2002-02-22,9.1061
2002-02-25,9.0831
2002-02-26,9.0815
2002-02-27,9.0919
2002-02-28,9.1303
2002-03-01,9.0957
2002-03-04,9.0723
2002-03-05,9.077
2002-03-06,9.0797
2002-03-07,9.0753
2002-03-08,9.0728
2002-03-11,9.0703
2002-03-12,9.0753
2002-03-13,9.1153
2002-03-14,9.1182
2002-03-15,9.0929
2002-03-18,9.0733
2002-03-19,9.0742
2002-03-20,9.0707
2002-03-22,9.0403
2002-03-25,9.0298
2002-03-26,9.0243
2002-03-27,9.016
2002-04-01,9.0049
2002-04-02,8.998
2002-04-03,9.0398
2002-04-04,9.0468
2002-04-05,9.0266
2002-04-08,9.0217
2002-04-09,9.0422
2002-04-10,9.0446
2002-04-11,9.0771
2002-04-12,9.0749
2002-04-15,9.1714
2002-04-16,9.1597
2002-04-17,9.1904
2002-04-18,9.2345
2002-04-19,9.2247
2002-04-22,9.2663
2002-04-23,9.2698
2002-04-24,9.2908
2002-04-25,9.3528
2002-04-26,9.3196
2002-04-29,9.3542
2002-04-30,9.372
2002-05-02,9.417
2002-05-03,9.4978
2002-05-06,9.4913
2002-05-07,9.4828
2002-05-08,9.417
2002-05-09,9.4463
2002-05-10,9.5102
2002-05-13,9.4933
2002-05-14,9.5204
2002-05-15,9.4717
2002-05-16,9.4863
2002-05-17,9.471
2002-05-20,9.491
2002-05-21,9.5133
2002-05-22,9.5245
2002-05-23,9.5165
2002-05-24,9.5585
2002-05-27,9.57
2002-05-28,9.5586
2002-05-29,9.6134
2002-05-30,9.7148
2002-05-31,9.6562
2002-06-03,9.6398
2002-06-04,9.706
2002-06-05,9.7345
2002-06-06,9.776
2002-06-07,9.7412
2002-06-10,9.6993
2002-06-11,9.6607
2002-06-12,9.7035
2002-06-13,9.6532
2002-06-14,9.6684
2002-06-17,9.6078
2002-06-18,9.6258
2002-06-19,9.6983
2002-06-20,9.7676
2002-06-21,9.9473
2002-06-24,9.936
2002-06-25,9.8203
2002-06-26,9.9998
2002-06-27,9.9615
2002-06-28,9.9568
2002-07-01,9.9283
2002-07-02,9.9612
2002-07-03,9.967
2002-07-04,9.9502
2002-07-05,9.9034
2002-07-08,9.9223
2002-07-09,9.8552
2002-07-10,9.8338
2002-07-11,9.7979
2002-07-12,9.7072
2002-07-15,9.7522
2002-07-16,9.7345
2002-07-17,9.6468
2002-07-18,9.6462
2002-07-19,9.7053
2002-07-22,9.6285
2002-07-23,9.613
2002-07-24,9.7018
2002-07-25,9.7158
2002-07-26,9.7652
2002-07-29,9.6944
2002-07-30,9.741
2002-07-31,9.7861
2002-08-01,9.8769
2002-08-02,9.8412
2002-08-05,9.7928
2002-08-06,9.7473
2002-08-07,9.7348
2002-08-08,9.7335
2002-08-09,9.764
2002-08-12,9.8402
2002-08-13,9.9512
2002-08-14,9.9668
2002-08-15,9.9292
2002-08-16,9.8643
2002-08-19,9.7747
2002-08-20,9.7713
2002-08-21,9.7854
2002-08-22,9.8388
2002-08-23,9.8488
2002-08-26,9.8267
2002-08-27,9.8543
2002-08-28,9.899
2002-08-29,9.9193
2002-08-30,9.9109
2002-09-02,9.9187
2002-09-03,9.9789
2002-09-04,10.0154
2002-09-05,10.0086
2002-09-06,9.9621
2002-09-09,9.9605
2002-09-10,9.9511
2002-09-11,9.9654
2002-09-12,10.0023
2002-09-13,9.9674
2002-09-17,9.9658
2002-09-18,10.0116
2002-09-19,10.0628
2002-09-20,10.2265
2002-09-23,10.3578
2002-09-24,10.2425
2002-09-25,10.2565
2002-09-26,10.1667
2002-09-27,10.1767
2002-09-30,10.2299
2002-10-01,10.1573
2002-10-02,10.1248
2002-10-03,10.1398
2002-10-04,10.184
2002-10-07,10.2154
2002-10-08,10.1575
2002-10-09,10.2048
2002-10-10,10.2195
2002-10-11,10.1592
2002-10-14,10.1084
2002-10-15,10.0683
2002-10-16,10.0757
2002-10-17,9.9988
2002-10-18,9.9842
2002-10-21,9.9383
2002-10-22,9.9723
2002-10-23,10.0079
2002-10-24,9.9468
2002-10-25,9.9816
2002-10-28,10.0003
2002-10-29,10.1593
2002-10-30,10.2263
2002-10-31,10.1552
2002-11-01,10.1992
2002-11-04,10.182
2002-11-05,10.2099
2002-11-06,10.1698
2002-11-07,10.2428
2002-11-08,10.2953
2002-11-11,10.3334
2002-11-12,10.3447
2002-11-13,10.2787
2002-11-14,10.2092
2002-11-15,10.2484
2002-11-18,10.176
2002-11-19,10.1635
2002-11-21,10.0874
2002-11-22,10.1333
2002-11-25,10.1065
2002-11-26,10.1535
2002-11-27,10.1496
2002-11-28,10.1193
2002-11-29,10.1465
2002-12-02,10.1036
2002-12-03,10.1421
2002-12-04,10.2287
2002-12-05,10.2452
2002-12-06,10.2724
2002-12-09,10.1852
2002-12-10,10.1744
2002-12-11,10.1785
2002-12-13,10.185
2002-12-16,10.1966
2002-12-17,10.2053
2002-12-18,10.2526
2002-12-19,10.192
2002-12-20,10.1836
2002-12-23,10.1907
2002-12-24,10.2014
2002-12-26,10.2479
2002-12-27,10.3125
2002-12-30,10.3613
2002-12-31,10.4393
2003-01-02,10.3626
2003-01-03,10.3856
2003-01-06,10.4195
2003-01-07,10.328
2003-01-08,10.3617
2003-01-09,10.4112
2003-01-10,10.4672
2003-01-13,10.5368
2003-01-14,10.5274
2003-01-15,10.4875
2003-01-16,10.5083
2003-01-17,10.59
2003-01-20,10.6222
2003-01-21,10.6866
2003-01-22,10.8263
2003-01-23,10.7708
2003-01-24,10.8267
2003-01-27,10.8875
2003-01-28,10.8842
2003-01-29,10.9863
2003-01-30,10.8636
2003-01-31,10.9069
2003-02-03,10.8833
2003-02-04,10.9822
2003-02-06,10.8731
2003-02-07,10.8979
2003-02-10,10.9948
2003-02-11,10.94
2003-02-12,10.9832
2003-02-13,10.9723
2003-02-14,10.8823
2003-02-17,10.7667
2003-02-18,10.7722
2003-02-19,10.84
2003-02-20,10.8998
2003-02-21,10.9798
2003-02-24,10.9815
2003-02-25,11.0584
2003-02-26,11.0329
2003-02-27,11.0333
2003-02-28,11.0324
2003-03-03,10.9902
2003-03-04,11.1367
2003-03-05,11.1927
2003-03-06,11.225
2003-03-07,11.1064
2003-03-10,11.0998
2003-03-11,11.0052
2003-03-12,10.9073
2003-03-13,10.8173
2003-03-14,10.8481
2003-03-17,10.8713
2003-03-18,10.8147
2003-03-19,10.8633
2003-03-20,10.8734
2003-03-24,10.8008
2003-03-25,10.72
2003-03-26,10.7498
2003-03-27,10.7671
2003-03-28,10.6698
2003-03-31,10.7889
2003-04-01,10.7362
2003-04-02,10.6676
2003-04-03,10.6619
2003-04-04,10.6823
2003-04-07,10.6896
2003-04-08,10.7398
2003-04-09,10.7541
2003-04-10,10.7651
2003-04-11,10.702
2003-04-14,10.6102
2003-04-15,10.6398
2003-04-16,10.6225
2003-04-21,10.5545
2003-04-22,10.5525
2003-04-23,10.5147
2003-04-24,10.4348
2003-04-25,10.4318
2003-04-28,10.4304
2003-04-29,10.345
2003-04-30,10.3
2003-05-02,10.2003
2003-05-05,10.1817
2003-05-06,10.2678
2003-05-07,10.2115
2003-05-08,10.17
2003-05-09,10.1068
2003-05-12,10.1773
2003-05-13,10.1605
2003-05-14,10.1428
2003-05-15,10.2927
2003-05-16,10.376
2003-05-19,10.3498
2003-05-20,10.2663
2003-05-21,10.253
2003-05-22,10.2383
2003-05-23,10.2473
2003-05-26,10.2519
2003-05-27,10.3166
2003-05-28,10.4063
2003-05-29,10.3205
2003-05-30,10.3377
2003-06-02,10.2402
2003-06-03,10.2598
2003-06-04,10.3882
2003-06-05,10.5598
2003-06-06,10.5608
2003-06-09,10.7431
2003-06-10,10.7145
2003-06-11,10.6119
2003-06-12,10.5775
2003-06-13,10.5946
2003-06-16,10.4983
2003-06-17,10.5014
2003-06-18,10.5883
2003-06-19,10.4858
2003-06-20,10.4669
2003-06-23,10.4796
2003-06-24,10.5188
2003-06-25,10.4734
2003-06-26,10.4808
2003-06-27,10.4176
2003-06-30,10.437
2003-07-01,10.4495
2003-07-02,10.4779
2003-07-03,10.447
2003-07-04,10.4087
2003-07-07,10.3946
2003-07-08,10.543
2003-07-09,10.4795
2003-07-10,10.4482
2003-07-11,10.4213
2003-07-14,10.3821
2003-07-15,10.4308
2003-07-16,10.4079
2003-07-17,10.349
2003-07-18,10.36
2003-07-21,10.4105
2003-07-22,10.4362
2003-07-23,10.516
2003-07-24,10.5203
2003-07-25,10.5095
2003-07-28,10.4645
2003-07-29,10.4878
2003-07-30,10.487
2003-07-31,10.5243
2003-08-01,10.5997
2003-08-04,10.5864
2003-08-05,10.7117
2003-08-06,10.7058
2003-08-07,10.7001
2003-08-08,10.6623
2003-08-11,10.6909
2003-08-12,10.7448
2003-08-13,10.7562
2003-08-14,10.6961
2003-08-15,10.7273
2003-08-18,10.723
2003-08-19,10.8007
2003-08-20,10.8379
2003-08-21,10.8507
2003-08-22,10.8615
2003-08-25,10.8753
2003-08-26,10.9118
2003-08-27,10.9337
2003-08-28,10.9806
2003-08-29,11.0475
2003-09-01,11.046
2003-09-02,11.0313
2003-09-03,10.9386
2003-09-04,10.8575
2003-09-05,10.862
2003-09-08,10.9185
2003-09-09,11.0233
2003-09-10,10.9502
2003-09-11,10.9737
2003-09-12,10.9793
2003-09-15,10.9713
2003-09-17,10.9054
2003-09-18,10.9163
2003-09-19,10.8955
2003-09-22,10.8275
2003-09-23,10.7741
2003-09-24,10.7975
2003-09-25,10.8115
2003-09-26,10.9272
2003-09-29,11.0446
2003-09-30,11.0133
2003-10-01,10.9614
2003-10-02,11.1603
2003-10-03,11.2473
2003-10-06,11.2193
2003-10-07,11.2923
2003-10-08,11.249
2003-10-09,11.2356
2003-10-10,11.1946
2003-10-13,11.1853
2003-10-14,11.2347
2003-10-15,11.1785
2003-10-16,11.2472
2003-10-17,11.2802
2003-10-20,11.1748
2003-10-21,11.1397
2003-10-22,11.2178
2003-10-23,11.181
2003-10-24,11.1784
2003-10-27,11.1068
2003-10-28,11.0693
2003-10-29,11.1078
2003-10-30,11.1058
2003-10-31,11.0525
2003-11-03,10.9881
2003-11-04,10.9998
2003-11-05,10.9829
2003-11-06,10.9903
2003-11-07,10.9688
2003-11-10,11.0097
2003-11-11,10.9582
2003-11-12,11.0582
2003-11-13,11.1757
2003-11-14,11.1442
2003-11-17,11.1823
2003-11-18,11.1643
2003-11-19,11.2094
2003-11-21,11.2058
2003-11-24,11.2879
2003-11-25,11.3398
2003-11-26,11.3522
2003-11-27,11.3385
2003-11-28,11.3985
2003-12-01,11.3783
2003-12-02,11.3535
2003-12-03,11.2496
2003-12-04,11.2224
2003-12-05,11.1959
2003-12-08,11.2391
2003-12-09,11.1635
2003-12-10,11.2145
2003-12-11,11.1877
2003-12-15,11.2728
2003-12-16,11.3061
2003-12-17,11.2676
2003-12-18,11.2193
2003-12-19,11.2295
2003-12-22,11.2855
2003-12-23,11.2696
2003-12-24,11.2744
2003-12-26,11.218
2003-12-29,11.236
2003-12-30,11.1998
2003-12-31,11.2372
2004-01-02,11.0885
2004-01-05,10.9805
2004-01-06,10.9686
2004-01-07,10.9044
2004-01-08,10.8847
2004-01-09,10.8376
2004-01-12,10.818
2004-01-13,10.8369
2004-01-14,10.8231
2004-01-15,10.8514
2004-01-16,10.8172
2004-01-19,10.8264
2004-01-20,10.847
2004-01-21,10.9521
2004-01-22,11.0012
2004-01-23,10.962
2004-01-26,10.9178
2004-01-27,10.8789
2004-01-28,10.9145
2004-01-29,11.0843
2004-01-30,11.0214
2004-02-02,10.9545
2004-02-03,11.082
2004-02-04,11.0608
2004-02-06,11.1305
2004-02-09,11.1039
2004-02-10,11.1069
2004-02-11,10.9866
2004-02-12,10.9626
2004-02-13,10.9627
2004-02-16,10.9434
2004-02-17,10.9337
2004-02-18,10.9058
2004-02-19,10.9688
2004-02-20,10.9423
2004-02-23,10.9437
2004-02-24,11.0558
2004-02-25,11.0932
2004-02-26,11.0715
2004-02-27,11.0606
2004-03-01,10.9794
2004-03-02,10.9623
2004-03-03,11.0301
2004-03-04,10.9955
2004-03-05,10.9393
2004-03-08,10.9329
2004-03-09,10.9695
2004-03-10,10.9368
2004-03-11,10.9633
2004-03-12,10.9638
2004-03-15,10.9621
2004-03-16,11.039
2004-03-17,10.9988
2004-03-18,11.0128
2004-03-19,10.9863
2004-03-22,10.9737
2004-03-23,10.9695
2004-03-24,10.9915
2004-03-25,11.013
2004-03-26,11.0578
2004-03-29,11.154
2004-03-30,11.2103
2004-03-31,11.1748
2004-04-01,11.1828
2004-04-02,11.1815
2004-04-05,11.1598
2004-04-06,11.1631
2004-04-07,11.2233
2004-04-12,11.2211
2004-04-13,11.2702
2004-04-14,11.2848
2004-04-15,11.27
2004-04-16,11.2525
2004-04-19,11.251
2004-04-20,11.3065
2004-04-21,11.3119
2004-04-22,11.3256
2004-04-23,11.3433
2004-04-26,11.2881
2004-04-27,11.3109
2004-04-28,11.3387
2004-04-29,11.4068
2004-04-30,11.4093
2004-05-03,11.431
2004-05-04,11.4105
2004-05-05,11.3887
2004-05-06,11.4358
2004-05-07,11.5272
2004-05-10,11.6328
2004-05-11,11.6325
2004-05-12,11.6246
2004-05-13,11.6281
2004-05-14,11.5713
2004-05-17,11.5282
2004-05-18,11.4933
2004-05-19,11.5448
2004-05-20,11.5735
2004-05-21,11.5673
2004-05-24,11.5608
2004-05-25,11.476
2004-05-26,11.4556
2004-05-27,11.4515
2004-05-28,11.4128
2004-05-31,11.4147
2004-06-01,11.4845
2004-06-02,11.4265
2004-06-03,11.4373
2004-06-04,11.4224
2004-06-07,11.3498
2004-06-08,11.3397
2004-06-09,11.3808
2004-06-10,11.366
2004-06-11,11.3689
2004-06-14,11.4327
2004-06-15,11.4259
2004-06-16,11.3991
2004-06-17,11.3523
2004-06-18,11.3312
2004-06-21,11.3143
2004-06-22,11.3077
2004-06-23,11.3425
2004-06-24,11.3004
2004-06-25,11.3175
2004-06-28,11.4116
2004-06-29,11.5297
2004-06-30,11.5258
2004-07-01,11.4922
2004-07-02,11.4763
2004-07-05,11.4432
2004-07-06,11.4948
2004-07-07,11.467
2004-07-08,11.5315
2004-07-09,11.5152
2004-07-12,11.5009
2004-07-13,11.4949
2004-07-14,11.4552
2004-07-15,11.4909
2004-07-16,11.4352
2004-07-19,11.3785
2004-07-20,11.3954
2004-07-21,11.46
2004-07-22,11.4463
2004-07-23,11.434
2004-07-26,11.4582
2004-07-27,11.5111
2004-07-28,11.4801
2004-07-29,11.4302
2004-07-30,11.4079
2004-08-02,11.4253
2004-08-03,11.4052
2004-08-04,11.4527
2004-08-05,11.457
2004-08-06,11.4124
2004-08-09,11.3776
2004-08-10,11.3943
2004-08-11,11.4436
2004-08-12,11.4414
2004-08-13,11.4048
2004-08-16,11.3848
2004-08-17,11.3481
2004-08-18,11.3472
2004-08-19,11.355
2004-08-20,11.3453
2004-08-23,11.3764
2004-08-24,11.3859
2004-08-25,11.3712
2004-08-26,11.366
2004-08-27,11.3739
2004-08-30,11.4231
2004-08-31,11.3807
2004-09-01,11.4145
2004-09-02,11.4725
2004-09-03,11.5279
2004-09-06,11.5193
2004-09-07,11.5689
2004-09-08,11.5895
2004-09-09,11.5717
2004-09-10,11.6005
2004-09-13,11.576
2004-09-14,11.5851
2004-09-15,11.5333
2004-09-17,11.4774
2004-09-20,11.4557
2004-09-21,11.4294
2004-09-22,11.4012
2004-09-23,11.418
2004-09-24,11.4107
2004-09-27,11.4348
2004-09-28,11.4106
2004-09-29,11.4288
2004-09-30,11.3884
2004-10-01,11.3503
2004-10-04,11.3502
2004-10-05,11.3149
2004-10-06,11.2745
2004-10-07,11.2874
2004-10-08,11.2406
2004-10-11,11.2449
2004-10-12,11.2865
2004-10-13,11.3021
2004-10-14,11.3195
2004-10-15,11.454
2004-10-18,11.5068
2004-10-19,11.4507
2004-10-20,11.4548
2004-10-21,11.4722
2004-10-22,11.4424
2004-10-25,11.515
2004-10-26,11.5178
2004-10-27,11.5118
2004-10-28,11.5293
2004-10-29,11.539
2004-11-01,11.5331
2004-11-02,11.4997
2004-11-03,11.4248
2004-11-04,11.4118
2004-11-05,11.4031
2004-11-08,11.3953
2004-11-09,11.4465
2004-11-10,11.4299
2004-11-11,11.3997
2004-11-12,11.381
2004-11-15,11.3583
2004-11-16,11.3508
2004-11-17,11.3271
2004-11-18,11.3335
2004-11-19,11.3637
2004-11-22,11.3949
2004-11-23,11.3447
2004-11-24,11.2797
2004-11-25,11.2713
2004-11-26,11.247
2004-11-29,11.266
2004-11-30,11.2373
2004-12-01,11.1713
2004-12-02,11.1453
2004-12-03,11.1213
2004-12-06,11.1355
2004-12-07,11.1704
2004-12-08,11.2738
2004-12-09,11.291
2004-12-10,11.3343
2004-12-13,11.3045
2004-12-14,11.2903
2004-12-15,11.2028
2004-12-16,11.2316
2004-12-17,11.2403
2004-12-20,11.1555
2004-12-21,11.1873
2004-12-22,11.1814
2004-12-23,11.1363
2004-12-24,11.15
2004-12-27,11.1348
2004-12-28,11.2042
2004-12-29,11.2648
2004-12-30,11.2183
2004-12-31,11.1495
2005-01-03,11.2007
2005-01-04,11.3087
2005-01-05,11.3418
2005-01-06,11.4018
2005-01-07,11.3643
2005-01-10,11.2667
2005-01-11,11.2209
2005-01-12,11.1761
2005-01-13,11.1858
2005-01-14,11.2339
2005-01-17,11.2285
2005-01-18,11.2495
2005-01-19,11.2328
2005-01-20,11.2515
2005-01-21,11.2505
2005-01-24,11.2353
2005-01-25,11.289
2005-01-26,11.2632
2005-01-27,11.2991
2005-01-28,11.2613
2005-01-31,11.2141
2005-02-01,11.1714
2005-02-02,11.167
2005-02-03,11.1683
2005-02-04,11.1414
2005-02-07,11.1909
2005-02-08,11.2152
2005-02-09,11.1919
2005-02-10,11.1533
2005-02-11,11.1532
2005-02-14,11.1558
2005-02-15,11.1535
2005-02-16,11.1625
2005-02-17,11.1389
2005-02-18,11.0732
2005-02-21,11.068
2005-02-22,11.0487
2005-02-23,11.0807
2005-02-24,11.0955
2005-02-25,11.1086
2005-02-28,11.0965
2005-03-01,11.104
2005-03-02,11.1073
2005-03-03,11.0837
2005-03-04,11.0458
2005-03-07,11.0349
2005-03-08,10.979
2005-03-09,11.0181
2005-03-10,11.0324
2005-03-11,11.0223
2005-03-14,11.135
2005-03-15,11.2038
2005-03-16,11.2276
2005-03-17,11.2193
2005-03-18,11.1759
2005-03-22,11.1898
2005-03-23,11.2505
2005-03-28,11.3228
2005-03-29,11.2942
2005-03-30,11.2293
2005-03-31,11.1783
2005-04-01,11.1893
2005-04-04,11.2175
2005-04-05,11.2176
2005-04-06,11.2307
2005-04-07,11.1945
2005-04-08,11.1583
2005-04-11,11.0879
2005-04-12,11.1155
2005-04-13,11.0615
2005-04-14,11.1032
2005-04-15,11.1021
2005-04-18,11.129
2005-04-19,11.0776
2005-04-20,11.0614
2005-04-21,11.041
2005-04-22,11.0361
2005-04-25,11.0571
2005-04-26,11.0595
2005-04-27,11.1033
2005-04-28,11.1159
2005-04-29,11.0832
2005-05-02,11.0271
2005-05-03,11.0284
2005-05-04,10.982
2005-05-05,10.9487
2005-05-06,10.9433
2005-05-09,10.9693
2005-05-10,11.0082
2005-05-11,11.0323
2005-05-12,11.0189
2005-05-13,11.029
2005-05-16,11.0376
2005-05-17,10.9963
2005-05-18,10.9668
2005-05-19,10.9283
2005-05-20,10.9715
2005-05-23,10.9533
2005-05-24,10.9801
2005-05-25,10.9372
2005-05-26,10.9645
2005-05-27,10.903
2005-05-30,10.8699
2005-05-31,10.916
2005-06-01,10.8442
2005-06-02,10.8144
2005-06-03,10.8179
2005-06-06,10.8792
2005-06-07,10.8695
2005-06-08,10.8494
2005-06-09,10.8868
2005-06-10,10.8648
2005-06-13,10.868
2005-06-14,10.8392
2005-06-15,10.8332
2005-06-16,10.8007
2005-06-17,10.7913
2005-06-20,10.8342
2005-06-21,10.7982
2005-06-22,10.761
2005-06-23,10.7897
2005-06-24,10.7642
2005-06-27,10.8127
2005-06-28,10.8428
2005-06-29,10.7645
2005-06-30,10.7752
2005-07-01,10.7327
2005-07-04,10.7438
2005-07-05,10.7555
2005-07-06,10.7689
2005-07-07,10.7997
2005-07-08,10.7428
2005-07-11,10.7045
2005-07-12,10.6881
2005-07-13,10.6898
2005-07-14,10.6372
2005-07-15,10.6312
2005-07-18,10.5958
2005-07-19,10.6227
2005-07-20,10.6498
2005-07-21,10.5942
2005-07-22,10.6307
2005-07-25,10.6683
2005-07-26,10.7165
2005-07-27,10.643
2005-07-28,10.6201
2005-07-29,10.6057
2005-08-01,10.5994
2005-08-02,10.5968
2005-08-03,10.6138
2005-08-04,10.5831
2005-08-05,10.5921
2005-08-08,10.6018
2005-08-09,10.6383
2005-08-10,10.5874
2005-08-11,10.5815
2005-08-12,10.6343
2005-08-15,10.604
2005-08-16,10.5809
2005-08-17,10.6088
2005-08-18,10.6601
2005-08-19,10.7753
2005-08-22,10.7356
2005-08-23,10.7742
2005-08-24,10.8822
2005-08-25,10.8153
2005-08-26,10.8333
2005-08-29,10.8936
2005-08-30,10.8377
2005-08-31,10.7995
2005-09-01,10.7234
2005-09-02,10.684
2005-09-05,10.6689
2005-09-06,10.6868
2005-09-07,10.7015
2005-09-08,10.7126
2005-09-09,10.708
2005-09-12,10.6994
2005-09-13,10.7456
2005-09-14,10.8355
2005-09-15,10.807
2005-09-19,10.8558
2005-09-20,10.8232
2005-09-21,10.7798
2005-09-22,10.8341
2005-09-23,10.8475
2005-09-26,10.876
2005-09-27,10.886
2005-09-28,10.8495
2005-09-29,10.8131
2005-09-30,10.7907
2005-10-03,10.7683
2005-10-04,10.6857
2005-10-05,10.7115
2005-10-06,10.7687
2005-10-07,10.794
2005-10-10,10.7965
2005-10-11,10.8007
2005-10-12,10.8842
2005-10-13,10.9408
2005-10-14,10.9164
2005-10-17,10.8462
2005-10-18,10.8307
2005-10-19,10.8752
2005-10-20,10.8393
2005-10-21,10.8948
2005-10-24,10.856
2005-10-25,10.8417
2005-10-26,10.891
2005-10-27,10.9092
2005-10-28,10.8447
2005-10-31,10.7857
2005-11-01,10.7647
2005-11-02,10.7613
2005-11-03,10.7218
2005-11-04,10.7495
2005-11-07,10.7072
2005-11-08,10.7282
2005-11-09,10.7104
2005-11-10,10.714
2005-11-11,10.6833
2005-11-14,10.6897
2005-11-15,10.6505
2005-11-16,10.635
2005-11-17,10.676
2005-11-18,10.6543
2005-11-21,10.6425
2005-11-22,10.6678
2005-11-23,10.618
2005-11-24,10.6083
2005-11-25,10.607
2005-11-28,10.567
2005-11-29,10.5702
2005-11-30,10.5793
2005-12-01,10.5247
2005-12-02,10.4558
2005-12-05,10.4741
2005-12-06,10.4097
2005-12-07,10.44
2005-12-08,10.502
2005-12-09,10.624
2005-12-13,10.6368
2005-12-14,10.6931
2005-12-15,10.7378
2005-12-16,10.7567
2005-12-19,10.7283
2005-12-20,10.6997
2005-12-21,10.6457
2005-12-22,10.6532
2005-12-23,10.6845
2005-12-26,10.6932
2005-12-27,10.7362
2005-12-28,10.7777
2005-12-29,10.7109
2005-12-30,10.6344
2006-01-02,10.6253
2006-01-03,10.6455
2006-01-04,10.5815
2006-01-05,10.5907
2006-01-06,10.5726
2006-01-09,10.5446
2006-01-10,10.599
2006-01-11,10.6097
2006-01-12,10.5732
2006-01-13,10.5752
2006-01-16,10.559
2006-01-17,10.5372
2006-01-18,10.5778
2006-01-19,10.5589
2006-01-20,10.5078
2006-01-23,10.5208
2006-01-24,10.5063
2006-01-25,10.5004
2006-01-26,10.5039
2006-01-27,10.4598
2006-01-30,10.4416
2006-01-31,10.4433
2006-02-01,10.4303
2006-02-02,10.4805
2006-02-03,10.4981
2006-02-07,10.4758
2006-02-08,10.5277
2006-02-09,10.4803
2006-02-10,10.487
2006-02-13,10.5258
2006-02-14,10.5249
2006-02-15,10.517
2006-02-16,10.5175
2006-02-17,10.4528
2006-02-20,10.4401
2006-02-21,10.4388
2006-02-22,10.499
2006-02-23,10.4885
2006-02-24,10.4761
2006-02-27,10.4661
2006-02-28,10.456
2006-03-01,10.4673
2006-03-02,10.5113
2006-03-03,10.5759
2006-03-06,10.6118
2006-03-07,10.7003
2006-03-08,10.756
2006-03-09,10.7094
2006-03-10,10.7125
2006-03-13,10.7126
2006-03-14,10.6942
2006-03-15,10.6667
2006-03-16,10.6212
2006-03-17,10.6885
2006-03-20,10.7568
2006-03-22,10.8628
2006-03-23,10.8612
2006-03-24,10.8568
2006-03-27,10.9329
2006-03-28,10.9633
2006-03-29,10.951
2006-03-30,10.9228
2006-03-31,10.8935
2006-04-03,10.8717
2006-04-04,10.8548
2006-04-05,10.9467
2006-04-06,11.0557
2006-04-07,11.1443
2006-04-10,11.0956
2006-04-11,11.0708
2006-04-12,11.0477
2006-04-17,11.0842
2006-04-18,11.0011
2006-04-19,10.9773
2006-04-20,11.0302
2006-04-21,11.0667
2006-04-24,11.0656
2006-04-25,11.0842
2006-04-26,11.1578
2006-04-27,11.1135
2006-04-28,11.0903
2006-05-02,11.0323
2006-05-03,10.9608
2006-05-04,10.9694
2006-05-05,10.9587
2006-05-08,10.9381
2006-05-09,10.9258
2006-05-10,10.8425
2006-05-11,10.8381
2006-05-12,11.0325
2006-05-15,11.1532
2006-05-16,11.0518
2006-05-17,11.133
2006-05-18,11.2005
2006-05-19,11.1915
2006-05-22,11.2799
2006-05-23,11.1935
2006-05-24,11.2854
2006-05-25,11.2097
2006-05-26,11.1373
2006-05-29,11.1303
2006-05-30,11.2693
2006-05-31,11.2966
2006-06-01,11.2843
2006-06-02,11.297
2006-06-05,11.2854
2006-06-06,11.3667
2006-06-07,11.325
2006-06-08,11.419
2006-06-09,11.3777
2006-06-12,11.3827
2006-06-13,11.4327
2006-06-14,11.4527
2006-06-15,11.4113
2006-06-16,11.414
2006-06-19,11.4459
2006-06-20,11.4809
2006-06-21,11.4441
2006-06-22,11.4405
2006-06-23,11.4382
2006-06-26,11.409
2006-06-27,11.4302
2006-06-28,11.3973
2006-06-29,11.4009
2006-06-30,11.2723
2006-07-03,11.1302
2006-07-04,11.0642
2006-07-05,11.1901
2006-07-06,11.1061
2006-07-07,11.0243
2006-07-10,10.9547
2006-07-11,11.0095
2006-07-12,11.0303
2006-07-13,11.0523
2006-07-14,11.0275
2006-07-17,10.9914
2006-07-18,10.9618
2006-07-19,10.9045
2006-07-20,10.8708
2006-07-21,10.8954
2006-07-24,10.9303
2006-07-25,10.9148
2006-07-26,10.9337
2006-07-27,10.8968
2006-07-28,10.8947
2006-07-31,10.9181
2006-08-01,11.0203
2006-08-02,10.9537
2006-08-03,10.9802
2006-08-04,10.8908
2006-08-07,10.8838
2006-08-08,10.9113
2006-08-09,10.8386
2006-08-10,10.8808
2006-08-11,10.8147
2006-08-14,10.8028
2006-08-15,10.825
2006-08-16,10.75
2006-08-17,10.748
2006-08-18,10.8217
2006-08-21,10.8038
2006-08-22,10.804
2006-08-23,10.8428
2006-08-24,10.922
2006-08-25,10.9528
2006-08-28,10.9347
2006-08-29,10.9047
2006-08-30,10.865
2006-08-31,10.9037
2006-09-01,10.8952
2006-09-04,10.8476
2006-09-05,10.8438
2006-09-06,10.938
2006-09-07,11.0196
2006-09-08,11.0271
2006-09-11,11.0705
2006-09-12,11.0361
2006-09-13,11.0117
2006-09-14,10.9818
2006-09-15,10.9468
2006-09-18,10.9273
2006-09-19,10.9227
2006-09-20,10.9346
2006-09-21,10.9953
2006-09-22,11.0877
2006-09-25,11.105
2006-09-26,11.0418
2006-09-27,11.0152
2006-09-28,11.0502
2006-09-29,10.9935
2006-10-02,10.9733
2006-10-03,11.0404
2006-10-04,11.0533
2006-10-05,11.0185
2006-10-06,11.0624
2006-10-09,11.0842
2006-10-10,11.0597
2006-10-11,11.0248
2006-10-12,10.9406
2006-10-13,10.8765
2006-10-16,10.8364
2006-10-17,10.8703
2006-10-18,10.8257
2006-10-19,10.806
2006-10-20,10.8169
2006-10-23,10.8489
2006-10-24,10.8289
2006-10-25,10.7918
2006-10-26,10.7313
2006-10-27,10.7093
2006-10-30,10.774
2006-10-31,10.764
2006-11-01,10.7449
2006-11-03,10.7948
2006-11-06,10.8344
2006-11-07,10.82
2006-11-08,10.8598
2006-11-09,10.8632
2006-11-10,10.9158
2006-11-13,10.9263
2006-11-14,10.8675
2006-11-15,10.8595
2006-11-16,10.8527
2006-11-17,10.9524
2006-11-21,11.0021
2006-11-22,10.9756
2006-11-23,10.9682
2006-11-24,11.0242
2006-11-27,11.052
2006-11-28,11.0454
2006-11-29,10.9983
2006-11-30,10.9975
2006-12-04,10.9595
2006-12-05,10.894
2006-12-06,10.862
2006-12-07,10.8558
2006-12-08,10.8606
2006-12-11,10.8375
2006-12-13,10.8255
2006-12-14,10.7922
2006-12-15,10.774
2006-12-18,10.8002
2006-12-19,10.8492
2006-12-20,10.8075
2006-12-21,10.8411
2006-12-22,10.8597
2006-12-26,10.8747
2006-12-27,10.881
2006-12-28,10.8755
2006-12-29,10.8116
2007-01-02,10.7815
2007-01-03,10.7708
2007-01-04,10.865
2007-01-05,10.9355
2007-01-08,10.9705
2007-01-09,11.0091
2007-01-10,11.0333
2007-01-11,10.965
2007-01-12,10.9765
2007-01-15,10.9419
2007-01-16,10.986
2007-01-17,10.9234
2007-01-18,10.9232
2007-01-19,10.8824
2007-01-22,10.8918
2007-01-23,10.9645
2007-01-24,10.9486
2007-01-25,10.9753
2007-01-26,11.0402
2007-01-29,11.0855
2007-01-30,11.0548
2007-01-31,11.0382
2007-02-01,10.982
2007-02-02,10.9921
2007-02-06,10.9192
2007-02-07,10.937
2007-02-08,10.9683
2007-02-09,10.9601
2007-02-12,11.0227
2007-02-13,10.9915
2007-02-14,10.9152
2007-02-15,10.9522
2007-02-16,10.9958
2007-02-19,10.9778
2007-02-20,10.9755
2007-02-21,11.0023
2007-02-22,10.9683
2007-02-23,11.0397
2007-02-26,11.079
2007-02-27,11.1493
2007-02-28,11.1682
2007-03-01,11.1917
2007-03-02,11.1817
2007-03-05,11.1762
2007-03-06,11.1473
2007-03-07,11.1555
2007-03-08,11.1426
2007-03-09,11.1205
2007-03-12,11.1483
2007-03-13,11.1727
2007-03-14,11.1867
2007-03-15,11.1348
2007-03-16,11.1664
2007-03-20,11.112
2007-03-21,11.0796
2007-03-22,11.022
2007-03-23,11.0166
2007-03-26,11.0253
2007-03-27,11.047
2007-03-28,11.0813
2007-03-29,11.0507
2007-03-30,11.0322
2007-04-02,11.0336
2007-04-03,10.9797
2007-04-04,10.9976
2007-04-09,10.9705
2007-04-10,11.0126
2007-04-11,10.984
2007-04-12,11.0135
2007-04-13,10.9917
2007-04-16,10.9856
2007-04-17,10.9911
2007-04-18,10.992
2007-04-19,11.0048
2007-04-20,10.979
2007-04-23,10.9637
2007-04-24,11.0053
2007-04-25,10.9369
2007-04-26,10.9312
2007-04-27,10.9305
2007-04-30,10.9278
2007-05-02,10.9262
2007-05-03,10.902
2007-05-04,10.8852
2007-05-07,10.8558
2007-05-08,10.8513
2007-05-09,10.8269
2007-05-10,10.8178
2007-05-11,10.8148
2007-05-14,10.7987
2007-05-15,10.8032
2007-05-16,10.7905
2007-05-17,10.8033
2007-05-18,10.8223
2007-05-21,10.7963
2007-05-22,10.7598
2007-05-23,10.7688
2007-05-24,10.8354
2007-05-25,10.7803
2007-05-28,10.7788
2007-05-29,10.7873
2007-05-30,10.818
2007-05-31,10.7445
2007-06-01,10.7131
2007-06-04,10.7441
2007-06-05,10.7809
2007-06-06,10.845
2007-06-07,10.9043
2007-06-08,10.9702
2007-06-11,10.9307
2007-06-12,10.9331
2007-06-13,10.9538
2007-06-14,10.9012
2007-06-15,10.8148
2007-06-18,10.776
2007-06-19,10.7494
2007-06-20,10.7713
2007-06-21,10.8266
2007-06-22,10.808
2007-06-25,10.8189
2007-06-26,10.8398
2007-06-27,10.8661
2007-06-28,10.7926
2007-06-29,10.7946
2007-07-02,10.7697
2007-07-03,10.7698
2007-07-04,10.76
2007-07-05,10.7936
2007-07-06,10.7828
2007-07-09,10.7531
2007-07-10,10.7917
2007-07-11,10.8248
2007-07-12,10.7799
2007-07-13,10.7608
2007-07-16,10.7653
2007-07-17,10.7628
2007-07-18,10.752
2007-07-19,10.7207
2007-07-20,10.7843
2007-07-23,10.764
2007-07-24,10.7846
2007-07-25,10.8712
2007-07-26,10.9436
2007-07-27,10.9973
2007-07-30,10.9812
2007-07-31,10.9273
2007-08-01,10.9663
2007-08-02,10.9402
2007-08-03,10.9677
2007-08-06,10.9886
2007-08-07,10.9613
2007-08-08,10.9209
2007-08-09,10.9832
2007-08-10,11.0173
2007-08-13,10.9915
2007-08-14,11.0549
2007-08-15,11.1148
2007-08-16,11.2676
2007-08-17,11.1259
2007-08-20,11.1053
2007-08-21,11.1213
2007-08-22,11.0736
2007-08-23,11.0489
2007-08-24,11.0413
2007-08-27,11.0382
2007-08-28,11.092
2007-08-29,11.1062
2007-08-30,11.0848
2007-08-31,11.0378
2007-09-03,11.0169
2007-09-04,11.0265
2007-09-05,11.0848
2007-09-06,11.0658
2007-09-07,11.1227
2007-09-10,11.1407
2007-09-11,11.1057
2007-09-12,11.072
2007-09-13,11.0743
2007-09-14,11.111
2007-09-17,11.1471
2007-09-18,11.0959
2007-09-19,10.9871
2007-09-20,10.9687
2007-09-21,10.9517
2007-09-24,10.9391
2007-09-25,10.9438
2007-09-26,10.9243
2007-09-27,10.9203
2007-09-28,10.9315
2007-10-01,10.9224
2007-10-02,10.921
2007-10-03,10.8685
2007-10-04,10.8963
2007-10-05,10.8557
2007-10-08,10.8589
2007-10-09,10.8379
2007-10-10,10.8383
2007-10-11,10.8101
2007-10-12,10.8252
2007-10-15,10.8133
2007-10-16,10.8418
2007-10-17,10.8181
2007-10-18,10.8133
2007-10-19,10.7976
2007-10-22,10.8404
2007-10-23,10.824
2007-10-24,10.8348
2007-10-25,10.8291
2007-10-26,10.7523
2007-10-29,10.7112
2007-10-30,10.7198
2007-10-31,10.7023
2007-11-01,10.6639
2007-11-05,10.7308
2007-11-06,10.7046
2007-11-07,10.7435
2007-11-08,10.8108
2007-11-09,10.8808
2007-11-12,10.9378
2007-11-13,10.8941
2007-11-14,10.8685
2007-11-15,10.9145
2007-11-16,10.9353
2007-11-20,10.9687
2007-11-21,11.0037
2007-11-22,10.979
2007-11-23,10.9733
2007-11-26,10.981
2007-11-27,10.9695
2007-11-28,10.9345
2007-11-29,10.9417
2007-11-30,10.8968
2007-12-03,10.9124
2007-12-04,10.9059
2007-12-05,10.8592
2007-12-06,10.8367
2007-12-07,10.8128
2007-12-10,10.8185
2007-12-11,10.8025
2007-12-13,10.8376
2007-12-14,10.8249
2007-12-17,10.846
2007-12-18,10.8553
2007-12-19,10.8412
2007-12-20,10.8363
2007-12-21,10.8203
2007-12-24,10.8132
2007-12-26,10.8105
2007-12-27,10.8662
2007-12-28,10.9043
2007-12-31,10.9157
2008-01-02,10.8972
2008-01-03,10.8842
2008-01-04,10.9277
2008-01-07,10.9208
2008-01-08,10.885
2008-01-09,10.962
2008-01-10,10.9572
2008-01-11,10.9318
2008-01-14,10.914
2008-01-15,10.9203
2008-01-16,10.9458
2008-01-17,10.9445
2008-01-18,10.9235
2008-01-21,10.9813
2008-01-22,10.9232
2008-01-23,10.9522
2008-01-24,10.8934
2008-01-25,10.8698
2008-01-28,10.8784
2008-01-29,10.8444
2008-01-30,10.8374
2008-01-31,10.8262
2008-02-01,10.8138
2008-02-05,10.8289
2008-02-06,10.8227
2008-02-07,10.804
2008-02-08,10.7575
2008-02-11,10.7736
2008-02-12,10.7465
2008-02-13,10.7509
2008-02-14,10.7413
2008-02-15,10.7653
2008-02-18,10.735
2008-02-19,10.7489
2008-02-20,10.7939
2008-02-21,10.798
2008-02-22,10.7818
2008-02-25,10.7855
2008-02-26,10.743
2008-02-27,10.7344
2008-02-28,10.6813
2008-02-29,10.7243
2008-03-03,10.7046
2008-03-04,10.7098
2008-03-05,10.6978
2008-03-06,10.7649
2008-03-07,10.8383
2008-03-10,10.8478
2008-03-11,10.7965
2008-03-12,10.7735
2008-03-13,10.7778
2008-03-14,10.7613
2008-03-18,10.704
2008-03-19,10.6944
2008-03-24,10.6748
2008-03-25,10.6793
2008-03-26,10.6957
2008-03-27,10.6962
2008-03-28,10.6987
2008-03-31,10.6482
2008-04-01,10.5985
2008-04-02,10.5557
2008-04-03,10.5644
2008-04-04,10.559
2008-04-07,10.5395
2008-04-08,10.561
2008-04-09,10.5552
2008-04-10,10.5503
2008-04-11,10.5337
2008-04-14,10.4919
2008-04-15,10.4843
2008-04-16,10.4579
2008-04-17,10.4828
2008-04-18,10.461
2008-04-21,10.5223
2008-04-22,10.5181
2008-04-23,10.4868
2008-04-24,10.462
2008-04-25,10.4702
2008-04-28,10.4464
2008-04-29,10.5272
2008-04-30,10.5095
2008-05-02,10.4585
2008-05-05,10.4687
2008-05-06,10.4937
2008-05-07,10.539
2008-05-08,10.5465
2008-05-09,10.5666
2008-05-12,10.5058
2008-05-13,10.4835
2008-05-14,10.4884
2008-05-15,10.4769
2008-05-16,10.4266
2008-05-19,10.3792
2008-05-20,10.4002
2008-05-21,10.3644
2008-05-22,10.381
2008-05-23,10.4
2008-05-26,10.3848
2008-05-27,10.3925
2008-05-28,10.3447
2008-05-29,10.3066
2008-05-30,10.3306
2008-06-02,10.3417
2008-06-03,10.2992
2008-06-04,10.3211
2008-06-05,10.3108
2008-06-06,10.3582
2008-06-09,10.362
2008-06-10,10.3847
2008-06-11,10.4268
2008-06-12,10.395
2008-06-13,10.3655
2008-06-16,10.3399
2008-06-17,10.3153
2008-06-18,10.2935
2008-06-19,10.3156
2008-06-20,10.2753
2008-06-23,10.3032
2008-06-24,10.318
2008-06-25,10.2938
2008-06-26,10.2841
2008-06-27,10.3028
2008-06-30,10.3069
2008-07-01,10.3908
2008-07-02,10.3722
2008-07-03,10.3692
2008-07-04,10.3411
2008-07-07,10.3263
2008-07-08,10.3363
2008-07-09,10.2993
2008-07-10,10.3076
2008-07-11,10.312
2008-07-14,10.2925
2008-07-15,10.3229
2008-07-16,10.2608
2008-07-17,10.2311
2008-07-18,10.2047
2008-07-21,10.1708
2008-07-22,10.1178
2008-07-23,10.0552
2008-07-24,10.0264
2008-07-25,10.019
2008-07-28,10.0706
2008-07-29,10.061
2008-07-30,10.034
2008-07-31,10.0353
2008-08-01,9.9705
2008-08-04,9.9335
2008-08-05,9.918
2008-08-06,9.9485
2008-08-07,9.9877
2008-08-08,10.1305
2008-08-11,10.1295
2008-08-12,10.159
2008-08-13,10.1968
2008-08-14,10.1586
2008-08-15,10.1966
2008-08-18,10.1395
2008-08-19,10.1867
2008-08-20,10.1343
2008-08-21,10.1106
2008-08-22,10.0991
2008-08-25,10.1183
2008-08-26,10.173
2008-08-27,10.1421
2008-08-28,10.1822
2008-08-29,10.2847
2008-09-01,10.3423
2008-09-02,10.3781
2008-09-03,10.3852
2008-09-04,10.4658
2008-09-05,10.5143
2008-09-08,10.481
2008-09-09,10.5013
2008-09-10,10.5862
2008-09-11,10.6745
2008-09-12,10.5828
2008-09-15,10.7054
2008-09-17,10.8702
2008-09-18,10.8365
2008-09-19,10.6133
2008-09-22,10.5879
2008-09-23,10.7264
2008-09-24,10.7879
2008-09-25,10.7653
2008-09-26,10.7919
2008-09-29,10.9397
2008-09-30,10.9814
2008-10-01,10.9811
2008-10-02,11.1296
2008-10-03,11.1188
2008-10-06,11.7667
2008-10-07,12.1196
2008-10-08,13.0417
2008-10-09,12.4433
2008-10-10,13.0867
2008-10-13,12.3743
2008-10-14,12.345
2008-10-15,12.7192
2008-10-16,13.0633
2008-10-17,12.8475
2008-10-20,12.7617
2008-10-21,13.1233
2008-10-22,13.5592
2008-10-23,13.5025
2008-10-24,13.4
2008-10-27,13.3083
2008-10-28,13.3692
2008-10-29,12.9142
2008-10-30,12.8342
2008-10-31,12.7125
2008-11-03,12.7875
2008-11-04,12.4862
2008-11-05,12.6042
2008-11-06,12.95
2008-11-07,12.8392
2008-11-10,12.785
2008-11-11,12.9892
2008-11-12,13.0875
2008-11-13,13.1663
2008-11-14,13.0242
2008-11-18,13.195
2008-11-19,13.18
2008-11-20,13.5758
2008-11-21,13.9183
2008-11-24,13.4958
2008-11-25,13.3142
2008-11-26,13.2117
2008-11-27,13.2325
2008-11-28,13.3225
2008-12-01,13.58
2008-12-02,13.53
2008-12-03,13.5996
2008-12-04,13.5358
2008-12-05,13.7567
2008-12-08,13.4597
2008-12-09,13.4921
2008-12-10,13.4722
2008-12-11,13.1821
2008-12-15,13.3317
2008-12-16,13.2717
2008-12-17,13.1275
2008-12-18,13.215
2008-12-19,13.1197
2008-12-22,13.1742
2008-12-23,13.2175
2008-12-24,13.3114
2008-12-26,13.3538
2008-12-29,13.5383
2008-12-30,13.7738
2008-12-31,13.8325
2009-01-02,13.7678
2009-01-05,13.5507
2009-01-06,13.3458
2009-01-07,13.4136
2009-01-08,13.5045
2009-01-09,13.7008
2009-01-12,13.7608
2009-01-13,13.839
2009-01-14,14.1083
2009-01-15,14.2192
2009-01-16,13.9058
2009-01-19,13.9777
2009-01-20,13.9382
2009-01-21,13.9145
2009-01-22,13.9325
2009-01-23,14.095
2009-01-26,13.9342
2009-01-27,14.1675
2009-01-28,14.1513
2009-01-29,14.1975
2009-01-30,14.3097
2009-02-03,14.5404
2009-02-04,14.4667
2009-02-05,14.2945
2009-02-06,14.1778
2009-02-09,14.1392
2009-02-10,14.3575
2009-02-11,14.5313
2009-02-12,14.6013
2009-02-13,14.4326
2009-02-16,14.5288
2009-02-17,14.6118
2009-02-18,14.6725
2009-02-19,14.5505
2009-02-20,14.8163
2009-02-23,14.8528
2009-02-24,14.8327
2009-02-25,14.9275
2009-02-26,14.9322
2009-02-27,15.0698
2009-03-02,15.365
2009-03-03,15.3372
2009-03-04,15.2178
2009-03-05,15.2855
2009-03-06,15.2633
2009-03-09,15.3517
2009-03-10,15.3142
2009-03-11,15.1145
2009-03-12,14.9083
2009-03-13,14.569
2009-03-17,14.0502
2009-03-18,14.1457
2009-03-19,14.08
2009-03-20,14.148
2009-03-23,14.3204
2009-03-24,14.2683
2009-03-25,14.2358
2009-03-26,14.2163
2009-03-27,14.3317
2009-03-30,14.3855
2009-03-31,14.1517
2009-04-01,13.9108
2009-04-02,13.7924
2009-04-03,13.6137
2009-04-06,13.6325
2009-04-07,13.5712
2009-04-08,13.3648
2009-04-13,13.0914
2009-04-14,13.086
2009-04-15,13.1683
2009-04-16,13.0511
2009-04-17,13.1558
2009-04-20,13.32
2009-04-21,13.175
2009-04-22,13.1457
2009-04-23,13.3099
2009-04-24,13.2318
2009-04-27,13.755
2009-04-28,13.8667
2009-04-29,13.6485
2009-04-30,13.8443
2009-05-04,13.35
2009-05-05,13.2242
2009-05-06,13.2268
2009-05-07,13.1103
2009-05-08,13.1067
2009-05-11,13.1008
2009-05-12,13.2208
2009-05-13,13.3177
2009-05-14,13.2983
2009-05-15,13.2058
2009-05-18,13.1363
2009-05-19,12.968
2009-05-20,12.8695
2009-05-21,13.103
2009-05-22,13.1728
2009-05-25,13.1375
2009-05-26,13.1338
2009-05-27,13.159
2009-05-28,13.2337
2009-05-29,13.1667
2009-06-01,13.155
2009-06-02,13.2609
2009-06-03,13.3172
2009-06-04,13.2675
2009-06-05,13.2768
2009-06-08,13.45
2009-06-09,13.4793
2009-06-10,13.6507
2009-06-11,13.4581
2009-06-12,13.3997
2009-06-15,13.4523
2009-06-16,13.3525
2009-06-17,13.4698
2009-06-18,13.3694
2009-06-19,13.3248
2009-06-22,13.3782
2009-06-23,13.3187
2009-06-24,13.3051
2009-06-25,13.2778
2009-06-26,13.2023
2009-06-29,13.1812
2009-06-30,13.1722
2009-07-01,13.0972
2009-07-02,13.1695
2009-07-03,13.2428
2009-07-06,13.2547
2009-07-07,13.2724
2009-07-08,13.4333
2009-07-09,13.5758
2009-07-10,13.7052
2009-07-13,13.8105
2009-07-14,13.7645
2009-07-15,13.6526
2009-07-16,13.587
2009-07-17,13.3895
2009-07-20,13.3158
2009-07-21,13.2879
2009-07-22,13.2312
2009-07-23,13.1915
2009-07-24,13.2247
2009-07-27,13.2167
2009-07-28,13.2825
2009-07-29,13.2643
2009-07-30,13.2223
2009-07-31,13.2125
2009-08-03,13.1293
2009-08-04,13.1073
2009-08-05,13.105
2009-08-06,12.9926
2009-08-07,12.9349
2009-08-10,12.922
2009-08-11,12.9937
2009-08-12,12.997
2009-08-13,12.8658
2009-08-14,12.8766
2009-08-17,12.9963
2009-08-18,12.9555
2009-08-19,12.9159
2009-08-20,12.8733
2009-08-21,12.8227
2009-08-24,12.8274
2009-08-25,12.8975
2009-08-26,13.1378
2009-08-27,13.2462
2009-08-28,13.2579
2009-08-31,13.314
2009-09-01,13.5246
2009-09-02,13.6427
2009-09-03,13.5898
2009-09-04,13.4658
2009-09-07,13.3646
2009-09-08,13.2826
2009-09-09,13.3923
2009-09-10,13.4582
2009-09-11,13.3432
2009-09-14,13.3892
2009-09-15,13.3475
2009-09-17,13.23
2009-09-18,13.2413
2009-09-21,13.353
2009-09-22,13.3186
2009-09-23,13.3733
2009-09-24,13.4549
2009-09-25,13.5243
2009-09-28,13.5042
2009-09-29,13.5513
2009-09-30,13.4928
2009-10-01,13.6242
2009-10-02,13.6773
2009-10-05,13.655
2009-10-06,13.4943
2009-10-07,13.4673
2009-10-08,13.3227
2009-10-09,13.255
2009-10-12,13.2178
2009-10-13,13.1774
2009-10-14,13.0779
2009-10-15,13.0884
2009-10-16,13.1057
2009-10-19,13.084
2009-10-20,12.9407
2009-10-21,12.9196
2009-10-22,12.9495
2009-10-23,12.9798
2009-10-26,13.149
2009-10-27,13.2662
2009-10-28,13.2823
2009-10-29,13.0825
2009-10-30,13.1479
2009-11-03,13.2908
2009-11-04,13.2708
2009-11-05,13.343
2009-11-06,13.3758
2009-11-09,13.2996
2009-11-10,13.2308
2009-11-11,13.1622
2009-11-12,13.2061
2009-11-13,13.1012
2009-11-17,13.0875
2009-11-18,12.9818
2009-11-19,13.0502
2009-11-20,13.0895
2009-11-23,13.0151
2009-11-24,12.9305
2009-11-25,12.866
2009-11-26,12.9475
2009-11-27,12.9139
2009-11-30,12.9157
2009-12-01,12.8557
2009-12-02,12.8026
2009-12-03,12.6658
2009-12-04,12.5969
2009-12-07,12.6558
2009-12-08,12.8399
2009-12-09,12.9862
2009-12-10,12.9739
2009-12-11,12.9253
2009-12-14,12.8105
2009-12-15,12.7234
2009-12-16,12.698
2009-12-17,12.9331
2009-12-18,12.8979
2009-12-21,12.8121
2009-12-22,12.9449
2009-12-23,12.8896
2009-12-24,12.8793
2009-12-28,12.9288
2009-12-29,13.0587
2009-12-30,13.0437
2009-12-31,13.0659
2010-01-04,12.9226
2010-01-05,12.8241
2010-01-06,12.7489
2010-01-07,12.7646
2010-01-08,12.7243
2010-01-11,12.6692
2010-01-12,12.7291
2010-01-13,12.7698
2010-01-14,12.7364
2010-01-15,12.6884
2010-01-18,12.6664
2010-01-19,12.6478
2010-01-20,12.7388
2010-01-21,12.772
2010-01-22,12.9412
2010-01-25,12.9018
2010-01-26,12.8549
2010-01-27,12.9295
2010-01-28,12.9975
2010-01-29,13.0098
2010-02-02,12.8699
2010-02-03,12.9395
2010-02-04,13.0687
2010-02-05,13.1753
2010-02-08,13.164
2010-02-09,13.0836
2010-02-10,13.0601
2010-02-11,13.0609
2010-02-12,12.9764
2010-02-15,12.942
2010-02-16,12.8683
2010-02-17,12.8781
2010-02-18,12.8442
2010-02-19,12.8337
2010-02-22,12.8017
2010-02-23,12.8584
2010-02-24,12.8539
2010-02-25,12.8503
2010-02-26,12.7769
2010-03-01,12.7454
2010-03-02,12.7259
2010-03-03,12.69
2010-03-04,12.7182
2010-03-05,12.6557
2010-03-08,12.6618
2010-03-09,12.6574
2010-03-10,12.6028
2010-03-11,12.6192
2010-03-12,12.5527
2010-03-16,12.5254
2010-03-17,12.4892
2010-03-18,12.4729
2010-03-19,12.5796
2010-03-22,12.6052
2010-03-23,12.5284
2010-03-24,12.5381
2010-03-25,12.5009
2010-03-26,12.5426
2010-03-29,12.464
2010-03-30,12.4145
2010-03-31,12.3306
2010-04-05,12.2658
2010-04-06,12.2454
2010-04-07,12.2218
2010-04-08,12.2488
2010-04-09,12.1997
2010-04-12,12.1808
2010-04-13,12.2122
2010-04-14,12.1827
2010-04-15,12.1934
2010-04-16,12.2356
2010-04-19,12.3064
2010-04-20,12.2188
2010-04-21,12.1896
2010-04-22,12.2405
2010-04-23,12.1973
2010-04-26,12.1575
2010-04-27,12.2278
2010-04-28,12.3698
2010-04-29,12.2465
2010-04-30,12.2626
2010-05-03,12.2605
2010-05-04,12.4288
2010-05-05,12.6635
2010-05-06,12.7884
2010-05-07,12.9179
2010-05-10,12.5297
2010-05-11,12.5025
2010-05-12,12.4351
2010-05-13,12.3501
2010-05-14,12.5684
2010-05-17,12.6926
2010-05-18,12.5787
2010-05-19,12.9138
2010-05-20,13.1412
2010-05-21,13.0338
2010-05-24,12.9588
2010-05-25,13.1819
2010-05-26,12.9955
2010-05-27,12.8846
2010-05-28,12.8589
2010-05-31,12.9146
2010-06-01,12.9012
2010-06-02,12.8625
2010-06-03,12.7644
2010-06-04,12.8603
2010-06-07,12.9202
2010-06-08,12.9288
2010-06-09,12.8093
2010-06-10,12.7441
2010-06-11,12.6748
2010-06-14,12.5974
2010-06-15,12.6001
2010-06-16,12.5878
2010-06-17,12.5925
2010-06-18,12.54
2010-06-21,12.4604
2010-06-22,12.5246
2010-06-23,12.6984
2010-06-24,12.7141
2010-06-25,12.7042
2010-06-28,12.6567
2010-06-29,12.8394
2010-06-30,12.8441
2010-07-01,13.0325
2010-07-02,13.059
2010-07-05,13.0953
2010-07-06,12.9308
2010-07-07,12.8975
2010-07-08,12.8232
2010-07-09,12.7859
2010-07-12,12.8233
2010-07-13,12.714
2010-07-14,12.7176
2010-07-15,12.7795
2010-07-16,12.9013
2010-07-19,12.9162
2010-07-20,12.8549
2010-07-21,12.7798
2010-07-22,12.756
2010-07-23,12.7749
2010-07-26,12.6975
2010-07-27,12.6469
2010-07-28,12.6798
2010-07-29,12.7038
2010-07-30,12.6455
2010-08-02,12.5728
2010-08-03,12.6048
2010-08-04,12.5535
2010-08-05,12.5367
2010-08-06,12.655
2010-08-09,12.6461
2010-08-10,12.6927
2010-08-11,12.7432
2010-08-12,12.7258
2010-08-13,12.7256
2010-08-16,12.6458
2010-08-17,12.5944
2010-08-18,12.6073
2010-08-19,12.7226
2010-08-20,12.7683
2010-08-23,12.8492
2010-08-24,12.936
2010-08-25,13.0453
2010-08-26,12.984
2010-08-27,13.0148
2010-08-30,13.1367
2010-08-31,13.1676
2010-09-01,13.0538
2010-09-02,13.055
2010-09-03,12.9526
2010-09-06,12.9395
2010-09-07,13.0566
2010-09-08,13.0034
2010-09-09,12.9853
2010-09-10,12.9616
2010-09-13,12.8729
2010-09-14,12.8355
2010-09-15,12.7793
2010-09-20,12.7623
2010-09-21,12.7594
2010-09-22,12.6886
2010-09-23,12.6422
2010-09-24,12.5491
2010-09-27,12.5168
2010-09-28,12.5011
2010-09-29,12.4801
2010-09-30,12.5998
2010-10-01,12.5511
2010-10-04,12.5875
2010-10-05,12.5099
2010-10-06,12.4779
2010-10-07,12.5277
2010-10-08,12.4895
2010-10-11,12.4224
2010-10-12,12.432
2010-10-13,12.3683
2010-10-14,12.4101
2010-10-15,12.4276
2010-10-18,12.4135
2010-10-19,12.4818
2010-10-20,12.4117
2010-10-21,12.3613
2010-10-22,12.3877
2010-10-25,12.3205
2010-10-26,12.3859
2010-10-27,12.4776
2010-10-28,12.4023
2010-10-29,12.3387
2010-11-01,12.3452
2010-11-03,12.3041
2010-11-04,12.2381
2010-11-05,12.2055
2010-11-08,12.2483
2010-11-09,12.2068
2010-11-10,12.2714
2010-11-11,12.2596
2010-11-12,12.2626
2010-11-16,12.4353
2010-11-17,12.3783
2010-11-18,12.2924
2010-11-19,12.2996
2010-11-22,12.309
2010-11-23,12.4577
2010-11-24,12.3912
2010-11-25,12.3669
2010-11-26,12.489
2010-11-29,12.5538
2010-11-30,12.4664
2010-12-01,12.3967
2010-12-02,12.3546
2010-12-03,12.3597
2010-12-06,12.3884
2010-12-07,12.4123
2010-12-08,12.4484
2010-12-09,12.4586
2010-12-10,12.4617
2010-12-13,12.3869
2010-12-14,12.3703
2010-12-15,12.3963
2010-12-16,12.4505
2010-12-17,12.4345
2010-12-20,12.417
2010-12-21,12.372
2010-12-22,12.3379
2010-12-23,12.3332
2010-12-24,12.3459
2010-12-27,12.3653
2010-12-28,12.3567
2010-12-29,12.3571
2010-12-30,12.3817
2010-12-31,12.3496
2011-01-03,12.2574
2011-01-04,12.2619
2011-01-05,12.2064
2011-01-06,12.2256
2011-01-07,12.2369
2011-01-10,12.2542
2011-01-11,12.1907
2011-01-12,12.0757
2011-01-13,12.1028
2011-01-14,12.0871
2011-01-17,12.0299
2011-01-18,12.0261
2011-01-19,12.0744
2011-01-20,12.0903
2011-01-21,12.0482
2011-01-24,12.0516
2011-01-25,12.0856
2011-01-26,12.0408
2011-01-27,12.0239
2011-01-28,12.1214
2011-01-31,12.1519
2011-02-01,12.017
2011-02-02,12.019
2011-02-03,12.0499
2011-02-04,11.9946
2011-02-08,11.9937
2011-02-09,12.0432
2011-02-10,12.0937
2011-02-11,12.0635
2011-02-14,12.0461
2011-02-15,12.114
2011-02-16,12.0957
2011-02-17,12.0483
2011-02-18,12.0172
2011-02-21,12.0558
2011-02-22,12.0917
2011-02-23,12.19
2011-02-24,12.173
2011-02-25,12.1235
2011-02-28,12.1062
2011-03-01,12.0929
2011-03-02,12.0981
2011-03-03,12.0368
2011-03-04,12.0064
2011-03-07,12.017
2011-03-08,12.0254
2011-03-09,11.968
2011-03-10,11.9755
2011-03-11,11.9441
2011-03-14,11.9235
2011-03-15,12.0171
2011-03-16,12.071
2011-03-17,12.0925
2011-03-18,12.0615
2011-03-22,11.9885
2011-03-23,12.0004
2011-03-24,11.9555
2011-03-25,11.9505
2011-03-28,11.959
2011-03-29,11.9678
2011-03-30,11.9219
2011-03-31,11.9084
2011-04-01,11.8412
2011-04-04,11.8533
2011-04-05,11.8322
2011-04-06,11.7836
2011-04-07,11.7931
2011-04-08,11.7421
2011-04-11,11.7447
2011-04-12,11.8266
2011-04-13,11.7907
2011-04-14,11.7679
2011-04-15,11.709
2011-04-18,11.7783
2011-04-19,11.6925
2011-04-20,11.6252
2011-04-25,11.6294
2011-04-26,11.5824
2011-04-27,11.5868
2011-04-28,11.5428
2011-04-29,11.5278
2011-05-02,11.5023
2011-05-03,11.5665
2011-05-04,11.6214
2011-05-05,11.6934
2011-05-06,11.609
2011-05-09,11.641
2011-05-10,11.6009
2011-05-11,11.6075
2011-05-12,11.6656
2011-05-13,11.7219
2011-05-16,11.7094
2011-05-17,11.766
2011-05-18,11.7234
2011-05-19,11.6588
2011-05-20,11.6467
2011-05-23,11.7292
2011-05-24,11.7032
2011-05-25,11.6948
2011-05-26,11.6956
2011-05-27,11.6256
2011-05-30,11.6123
2011-05-31,11.578
2011-06-01,11.6277
2011-06-02,11.6739
2011-06-03,11.6689
2011-06-06,11.6983
2011-06-07,11.7196
2011-06-08,11.8001
2011-06-09,11.7965
2011-06-10,11.8686
2011-06-13,11.868
2011-06-14,11.7982
2011-06-15,11.8751
2011-06-16,11.9591
2011-06-17,11.9006
2011-06-20,11.8916
2011-06-21,11.813
2011-06-22,11.7789
2011-06-23,11.8816
2011-06-24,11.8822
2011-06-27,11.8938
2011-06-28,11.8389
2011-06-29,11.7748
2011-06-30,11.723
2011-07-01,11.6368
2011-07-04,11.5925
2011-07-05,11.6194
2011-07-06,11.6544
2011-07-07,11.5738
2011-07-08,11.6337
2011-07-11,11.7274
2011-07-12,11.7867
2011-07-13,11.717
2011-07-14,11.701
2011-07-15,11.7178
2011-07-18,11.7877
2011-07-19,11.6964
2011-07-20,11.6638
2011-07-21,11.6174
2011-07-22,11.6393
2011-07-25,11.6641
2011-07-26,11.6172
2011-07-27,11.6527
2011-07-28,11.6821
2011-07-29,11.7425
2011-08-01,11.7514
2011-08-02,11.7657
2011-08-03,11.8473
2011-08-04,11.9523
2011-08-05,11.9794
2011-08-08,12.1845
2011-08-09,12.371
2011-08-10,12.3221
2011-08-11,12.3899
2011-08-12,12.2992
2011-08-15,12.2424
2011-08-16,12.2631
2011-08-17,12.1651
2011-08-18,12.3685
2011-08-19,12.2386
2011-08-22,12.2948
2011-08-23,12.3357
2011-08-24,12.3952
2011-08-25,12.4259
2011-08-26,12.4953
2011-08-29,12.4148
2011-08-30,12.4838
2011-08-31,12.348
2011-09-01,12.2616
2011-09-02,12.3735
2011-09-05,12.5353
2011-09-06,12.5102
2011-09-07,12.4661
2011-09-08,12.4956
2011-09-09,12.6324
2011-09-12,12.7687
2011-09-13,12.8994
2011-09-14,12.9646
2011-09-15,12.9127
2011-09-19,13.186
2011-09-20,13.1669
2011-09-21,13.4045
2011-09-22,13.8917
2011-09-23,13.7788
2011-09-26,13.6677
2011-09-27,13.3414
2011-09-28,13.4217
2011-09-29,13.4567
2011-09-30,13.7994
2011-10-03,13.8967
2011-10-04,13.9714
2011-10-05,13.6675
2011-10-06,13.5341
2011-10-07,13.3143
2011-10-10,13.2751
2011-10-11,13.3266
2011-10-12,13.2213
2011-10-13,13.3647
2011-10-14,13.2711
2011-10-17,13.2952
2011-10-18,13.4445
2011-10-19,13.3733
2011-10-20,13.6628
2011-10-21,13.5996
2011-10-24,13.4889
2011-10-25,13.4459
2011-10-26,13.4914
2011-10-27,13.1973
2011-10-28,13.1132
2011-10-31,13.1802
2011-11-01,13.6282
2011-11-03,13.4128
2011-11-04,13.4698
2011-11-07,13.4504
2011-11-08,13.3852
2011-11-09,13.5252
2011-11-10,13.5622
2011-11-11,13.4165
2011-11-14,13.5122
2011-11-15,13.5672
2011-11-16,13.5847
2011-11-17,13.6375
2011-11-18,13.7033
2011-11-22,13.9812
2011-11-23,14.1291
2011-11-24,14.1778
2011-11-25,14.2443
2011-11-28,14.0344
2011-11-29,13.9538
2011-11-30,13.61
2011-12-01,13.5894
2011-12-02,13.5488
2011-12-05,13.4786
2011-12-06,13.497
2011-12-07,13.5118
2011-12-08,13.6569
2011-12-09,13.6406
2011-12-13,13.7714
2011-12-14,13.9412
2011-12-15,13.823
2011-12-16,13.845
2011-12-19,13.8542
2011-12-20,13.772
2011-12-21,13.8526
2011-12-22,13.8169
2011-12-23,13.8163
2011-12-26,13.8483
2011-12-27,13.9658
2011-12-28,13.9904
2011-12-29,13.9787
2011-12-30,13.9476
2012-01-02,13.9342
2012-01-03,13.6882
2012-01-04,13.7144
2012-01-05,13.7409
2012-01-06,13.7228
2012-01-09,13.7437
2012-01-10,13.6204
2012-01-11,13.6592
2012-01-12,13.5982
2012-01-13,13.6263
2012-01-16,13.5401
2012-01-17,13.4621
2012-01-18,13.3267
2012-01-19,13.2516
2012-01-20,13.224
2012-01-23,13.1383
2012-01-24,13.1712
2012-01-25,13.1319
2012-01-26,12.9325
2012-01-27,12.9504
2012-01-30,13.0063
2012-01-31,13.0077
2012-02-01,12.89
2012-02-02,12.8038
2012-02-03,12.712
2012-02-07,12.6472
2012-02-08,12.6833
2012-02-09,12.72
2012-02-10,12.7857
2012-02-13,12.7392
2012-02-14,12.7753
2012-02-15,12.7658
2012-02-16,12.8822
2012-02-17,12.7856
2012-02-20,12.6793
2012-02-21,12.7408
2012-02-22,12.8296
2012-02-23,12.8294
2012-02-24,12.8675
2012-02-27,12.8779
2012-02-28,12.8575
2012-02-29,12.7891
2012-03-01,12.7764
2012-03-02,12.7723
2012-03-05,12.8339
2012-03-06,12.9777
2012-03-07,12.9469
2012-03-08,12.784
2012-03-09,12.6299
2012-03-12,12.715
2012-03-13,12.6336
2012-03-14,12.6719
2012-03-15,12.6591
2012-03-16,12.6645
2012-03-20,12.6935
2012-03-21,12.6833
2012-03-22,12.833
2012-03-23,12.8035
2012-03-26,12.6795
2012-03-27,12.6706
2012-03-28,12.8039
2012-03-29,12.8489
2012-03-30,12.8093
2012-04-02,12.7691
2012-04-03,12.7317
2012-04-04,12.8155
2012-04-09,12.9902
2012-04-10,13.1568
2012-04-11,13.1324
2012-04-12,13.0736
2012-04-13,13.1458
2012-04-16,13.2168
2012-04-17,13.0816
2012-04-18,13.1322
2012-04-19,13.2288
2012-04-20,13.1171
2012-04-23,13.2087
2012-04-24,13.1392
2012-04-25,13.1667
2012-04-26,13.2093
2012-04-27,13.0141
2012-04-30,12.9942
2012-05-02,12.9629
2012-05-03,12.9725
2012-05-04,13.1344
2012-05-07,13.1659
2012-05-08,13.3374
2012-05-09,13.515
2012-05-10,13.447
2012-05-11,13.4929
2012-05-14,13.6739
2012-05-15,13.7302
2012-05-16,13.7747
2012-05-17,13.7994
2012-05-18,13.7809
2012-05-21,13.7935
2012-05-22,13.7203
2012-05-23,14.0335
2012-05-24,14.004
2012-05-25,14.0156
2012-05-28,13.9439
2012-05-29,13.9169
2012-05-30,14.0749
2012-05-31,14.3047
2012-06-01,14.3949
2012-06-04,14.2443
2012-06-05,14.2319
2012-06-06,14.1116
2012-06-07,13.9355
2012-06-08,14.0351
2012-06-11,13.9625
2012-06-12,14.006
2012-06-13,13.97
2012-06-14,13.9974
2012-06-15,13.9115
2012-06-18,13.9154
2012-06-19,13.7033
2012-06-20,13.7257
2012-06-21,13.7668
2012-06-22,13.849
2012-06-25,13.9542
2012-06-26,13.8616
2012-06-27,13.6652
2012-06-28,13.653
2012-06-29,13.4084
2012-07-02,13.397
2012-07-03,13.3174
2012-07-04,13.3617
2012-07-05,13.3508
2012-07-06,13.4925
2012-07-09,13.4533
2012-07-10,13.2924
2012-07-11,13.3241
2012-07-12,13.4795
2012-07-13,13.3449
2012-07-16,13.2832
2012-07-17,13.2226
2012-07-18,13.1201
2012-07-19,13.1921
2012-07-20,13.2928
2012-07-23,13.5218
2012-07-24,13.6796
2012-07-25,13.6541
2012-07-26,13.4425
2012-07-27,13.2837
2012-07-30,13.2644
2012-07-31,13.2833
2012-08-01,13.2867
2012-08-02,13.3927
2012-08-03,13.1357
2012-08-06,13.0708
2012-08-07,13.1849
2012-08-08,13.1891
2012-08-09,13.1188
2012-08-10,13.1094
2012-08-13,13.1474
2012-08-14,13.1311
2012-08-15,13.1639
2012-08-16,13.143
2012-08-17,13.1745
2012-08-20,13.1261
2012-08-21,13.0854
2012-08-22,13.1762
2012-08-23,13.1284
2012-08-24,13.176
2012-08-27,13.1703
2012-08-28,13.1847
2012-08-29,13.2746
2012-08-30,13.4172
2012-08-31,13.2571
2012-09-03,13.191
2012-09-04,13.1793
2012-09-05,13.1221
2012-09-06,13.0483
2012-09-07,12.9976
2012-09-10,12.9921
2012-09-11,12.9992
2012-09-12,13.0305
2012-09-13,12.9749
2012-09-14,12.7458
2012-09-17,12.7492
2012-09-18,12.8192
2012-09-19,12.8235
2012-09-20,12.9042
2012-09-21,12.8376
2012-09-24,12.9123
2012-09-25,12.8233
2012-09-26,12.917
2012-09-27,12.8521
2012-09-28,12.8695
2012-10-01,12.8178
2012-10-02,12.8375
2012-10-03,12.8528
2012-10-04,12.7589
2012-10-05,12.6987
2012-10-08,12.8426
2012-10-09,12.868
2012-10-10,12.9119
2012-10-11,12.8792
2012-10-12,12.8901
2012-10-15,12.8188
2012-10-16,12.8077
2012-10-17,12.7981
2012-10-18,12.8299
2012-10-19,12.8551
2012-10-22,12.8571
2012-10-23,12.9759
2012-10-24,12.9839
2012-10-25,12.9669
2012-10-26,13.0112
2012-10-29,13.09
2012-10-30,13.0498
2012-10-31,13.0911
2012-11-01,13.0387
2012-11-05,13.0449
2012-11-06,12.9769
2012-11-07,13.0432
2012-11-08,13.1168
2012-11-09,13.1789
2012-11-12,13.1975
2012-11-13,13.2284
2012-11-14,13.2353
2012-11-15,13.2522
2012-11-16,13.2063
2012-11-20,13.0245
2012-11-21,13.0395
2012-11-22,13.0188
2012-11-23,12.9799
2012-11-26,12.9984
2012-11-27,12.9861
2012-11-28,13.0372
2012-11-29,12.9617
2012-11-30,12.9268
2012-12-03,12.9335
2012-12-04,12.96
2012-12-05,12.9284
2012-12-06,12.9102
2012-12-07,12.8469
2012-12-10,12.7964
2012-12-11,12.7584
2012-12-13,12.7869
2012-12-14,12.7768
2012-12-17,12.7624
2012-12-18,12.7236
2012-12-19,12.7327
2012-12-20,12.7777
2012-12-21,12.8991
2012-12-24,12.9764
2012-12-26,13.0058
2012-12-27,13.0101
2012-12-28,12.988
2012-12-31,12.9658
2013-01-02,12.7488
2013-01-03,12.743
2013-01-04,12.7597
2013-01-07,12.7679
2013-01-08,12.8015
2013-01-09,12.7503
2013-01-10,12.6555
2013-01-11,12.6478
2013-01-14,12.6533
2013-01-15,12.6526
2013-01-16,12.6305
2013-01-17,12.5868
2013-01-18,12.6555
2013-01-21,12.7098
2013-01-22,12.6817
2013-01-23,12.6616
2013-01-24,12.6286
2013-01-25,12.6993
2013-01-28,12.7802
2013-01-29,12.7134
2013-01-30,12.7408
2013-01-31,12.7094
2013-02-01,12.6377
2013-02-05,12.6294
2013-02-06,12.6664
2013-02-07,12.7105
2013-02-08,12.7307
2013-02-11,12.7706
2013-02-12,12.7364
2013-02-13,12.7116
2013-02-14,12.6982
2013-02-15,12.6866
2013-02-18,12.6959
2013-02-19,12.6873
2013-02-20,12.6694
2013-02-21,12.7699
2013-02-22,12.7517
2013-02-25,12.7028
2013-02-26,12.868
2013-02-27,12.8322
2013-02-28,12.7795
2013-03-01,12.8012
2013-03-04,12.7814
2013-03-05,12.7355
2013-03-06,12.7345
2013-03-07,12.7839
2013-03-08,12.6684
2013-03-11,12.5308
2013-03-12,12.4641
2013-03-13,12.3967
2013-03-14,12.4545
2013-03-15,12.439
2013-03-19,12.4339
2013-03-20,12.3909
2013-03-21,12.3841
2013-03-22,12.3724
2013-03-25,12.3579
2013-03-26,12.3546
2013-03-27,12.3612
2013-04-01,12.3438
2013-04-02,12.2728
2013-04-03,12.3266
2013-04-04,12.3197
2013-04-05,12.2383
2013-04-08,12.1588
2013-04-09,12.1304
2013-04-10,12.114
2013-04-11,12.0691
2013-04-12,12.0824
2013-04-15,12.1729
2013-04-16,12.1668
2013-04-17,12.237
2013-04-18,12.2479
2013-04-19,12.2254
2013-04-22,12.3227
2013-04-23,12.2492
2013-04-24,12.2768
2013-04-25,12.1231
2013-04-26,12.155
2013-04-29,12.1326
2013-04-30,12.1456
2013-05-02,12.1756
2013-05-03,12.0851
2013-05-06,12.1074
2013-05-07,12.0733
2013-05-08,12.0393
2013-05-09,11.9807
2013-05-10,12.1094
2013-05-13,12.1448
2013-05-14,12.1485
2013-05-15,12.2313
2013-05-16,12.2378
2013-05-17,12.3177
2013-05-20,12.3258
2013-05-21,12.3414
2013-05-22,12.3113
2013-05-23,12.4764
2013-05-24,12.5219
2013-05-27,12.4831
2013-05-28,12.5275
2013-05-29,12.6328
2013-05-30,12.7781
2013-05-31,12.8035
2013-06-03,12.7882
2013-06-04,12.7317
2013-06-05,12.8167
2013-06-06,12.9079
2013-06-07,12.7173
2013-06-10,12.8572
2013-06-11,12.8846
2013-06-12,12.8442
2013-06-13,12.7812
2013-06-14,12.6916
2013-06-17,12.737
2013-06-18,12.88
2013-06-19,12.8695
2013-06-20,13.4015
2013-06-21,13.4041
2013-06-24,13.3966
2013-06-25,13.2424
2013-06-26,13.1884
2013-06-27,13.0235
2013-06-28,13.0279
2013-07-01,12.9131
2013-07-02,12.985
2013-07-03,13.0377
2013-07-04,12.8902
2013-07-05,13.0567
2013-07-08,12.9267
2013-07-09,12.8654
2013-07-10,12.9494
2013-07-11,12.8599
2013-07-12,12.8234
2013-07-15,12.7387
2013-07-16,12.6299
2013-07-17,12.5455
2013-07-18,12.4976
2013-07-19,12.5499
2013-07-22,12.5054
2013-07-23,12.5093
2013-07-24,12.633
2013-07-25,12.6468
2013-07-26,12.7091
2013-07-29,12.7321
2013-07-30,12.7635
2013-07-31,12.8464
2013-08-01,12.8068
2013-08-02,12.6904
2013-08-05,12.6759
2013-08-06,12.6445
2013-08-07,12.6989
2013-08-08,12.646
2013-08-09,12.5889
2013-08-12,12.5666
2013-08-13,12.7545
2013-08-14,12.7255
2013-08-15,12.8625
2013-08-16,12.8722
2013-08-19,13.0124
2013-08-20,13.0064
2013-08-21,13.1424
2013-08-22,13.1486
2013-08-23,12.9979
2013-08-26,13.109
2013-08-27,13.3366
2013-08-28,13.2539
2013-08-29,13.3104
2013-08-30,13.3415
2013-09-02,13.307
2013-09-03,13.4394
2013-09-04,13.3065
2013-09-05,13.4079
2013-09-06,13.2413
2013-09-09,13.1471
2013-09-10,13.1119
2013-09-11,13.0938
2013-09-12,13.0854
2013-09-13,13.054
2013-09-17,12.9241
2013-09-18,12.9687
2013-09-19,12.7179
2013-09-20,12.7685
2013-09-23,12.7846
2013-09-24,12.8754
2013-09-25,12.953
2013-09-26,13.0119
2013-09-27,13.145
2013-09-30,13.1747
2013-10-01,13.1294
2013-10-02,13.1593
2013-10-03,13.2663
2013-10-04,13.0976
2013-10-07,13.0959
2013-10-08,13.1417
2013-10-09,13.2126
2013-10-10,13.0913
2013-10-11,13.0514
2013-10-14,13.0492
2013-10-15,12.9725
2013-10-16,12.8816
2013-10-17,12.7717
2013-10-18,12.7988
2013-10-21,12.9314
2013-10-22,12.8713
2013-10-23,12.9433
2013-10-24,12.9916
2013-10-25,12.8693
2013-10-28,12.8948
2013-10-29,12.8903
2013-10-30,12.864
2013-10-31,13.0067
2013-11-01,13.0789
2013-11-04,12.9869
2013-11-05,13.1341
2013-11-06,13.1388
2013-11-07,13.1912
2013-11-08,13.2412
2013-11-11,13.2314
2013-11-12,13.1879
2013-11-13,13.103
2013-11-14,13.0173
2013-11-15,12.9524
2013-11-19,12.8869
2013-11-20,12.9697
2013-11-21,13.0617
2013-11-22,13.0223
2013-11-25,13.0267
2013-11-26,13.0745
2013-11-27,13.0925
2013-11-28,13.0836
2013-11-29,13.1101
2013-12-02,13.2041
2013-12-03,13.2372
2013-12-04,13.0826
2013-12-05,13.0057
2013-12-06,12.9299
2013-12-09,12.8612
2013-12-10,12.8574
2013-12-11,12.9342
2013-12-13,12.9515
2013-12-16,12.9439
2013-12-17,12.9575
2013-12-18,12.9937
2013-12-19,12.973
2013-12-20,12.9574
2013-12-23,12.961
2013-12-24,13.02
2013-12-26,13.0547
2013-12-27,13.0765
2013-12-30,13.0652
2013-12-31,13.0843
2014-01-02,13.1011
2014-01-03,13.0911
2014-01-06,13.0905
2014-01-07,13.0337
2014-01-08,13.0846
2014-01-09,13.1403
2014-01-10,13.0065
2014-01-13,12.9889
2014-01-14,13.0956
2014-01-15,13.1689
2014-01-16,13.2907
2014-01-17,13.2737
2014-01-20,13.242
2014-01-21,13.2984
2014-01-22,13.3194
2014-01-23,13.3722
2014-01-24,13.493
2014-01-27,13.4408
2014-01-28,13.3104
2014-01-29,13.3671
2014-01-30,13.3207
2014-01-31,13.3769
2014-02-04,13.3928
2014-02-05,13.3705
2014-02-06,13.2211
2014-02-07,13.3285
2014-02-10,13.3134
2014-02-11,13.2916
2014-02-12,13.3056
2014-02-13,13.332
2014-02-14,13.2477
2014-02-17,13.1949
2014-02-18,13.2261
2014-02-19,13.2714
2014-02-20,13.2913
2014-02-21,13.2704
2014-02-24,13.209
2014-02-25,13.2248
2014-02-26,13.2992
2014-02-27,13.3066
2014-02-28,13.2379
2014-03-03,13.3201
2014-03-04,13.2752
2014-03-05,13.2519
2014-03-06,13.1476
2014-03-07,13.1795
2014-03-10,13.2248
2014-03-11,13.243
2014-03-12,13.2659
2014-03-13,13.2456
2014-03-14,13.234
2014-03-18,13.1675
2014-03-19,13.1695
2014-03-20,13.2703
2014-03-21,13.22
2014-03-24,13.2019
2014-03-25,13.1349
2014-03-26,13.1273
2014-03-27,13.0837
2014-03-28,13.0841
2014-03-31,13.0549
2014-04-01,13.0313
2014-04-02,13.0991
2014-04-03,13.1324
2014-04-04,13.0345
2014-04-07,13.0179
2014-04-08,12.9642
2014-04-09,13.0604
2014-04-10,13.0453
2014-04-11,13.0788
2014-04-14,13.0493
2014-04-15,13.0986
2014-04-16,13.0603
2014-04-21,13.0413
2014-04-22,13.0448
2014-04-23,13.0908
2014-04-24,13.101
2014-04-25,13.1371
2014-04-28,13.1356
2014-04-29,13.1039
2014-04-30,13.0901
2014-05-02,12.9981
2014-05-05,13.0102
2014-05-06,13.0129
2014-05-07,12.9876
2014-05-08,12.9477
2014-05-09,12.9843
2014-05-12,12.9534
2014-05-13,12.9234
2014-05-14,12.8993
2014-05-15,12.9755
2014-05-16,12.9193
2014-05-19,12.8944
2014-05-20,12.9425
2014-05-21,12.9132
2014-05-22,12.8801
2014-05-23,12.8656
2014-05-26,12.8616
2014-05-27,12.8772
2014-05-28,12.866
2014-05-29,12.8462
2014-05-30,12.8609
2014-06-02,12.9108
2014-06-03,12.9447
2014-06-04,12.9527
2014-06-05,12.8868
2014-06-06,12.8981
2014-06-09,12.9912
2014-06-10,13.0486
2014-06-11,13.0306
2014-06-12,12.9815
2014-06-13,13.0164
2014-06-16,13.0323
2014-06-17,13.1007
2014-06-18,13.0672
2014-06-19,12.9885
2014-06-20,13.0124
2014-06-23,13.0056
2014-06-24,13.0218
2014-06-25,13.0174
2014-06-26,13.0323
2014-06-27,13.0002
2014-06-30,12.9712
2014-07-01,12.9605
2014-07-02,12.9673
2014-07-03,12.9829
2014-07-04,12.9768
2014-07-07,12.9949
2014-07-08,13.0006
2014-07-09,12.978
2014-07-10,13.0015
2014-07-11,12.985
2014-07-14,12.9755
2014-07-15,12.9611
2014-07-16,12.939
2014-07-17,12.9454
2014-07-18,12.9588
2014-07-21,12.9751
2014-07-22,12.9393
2014-07-23,12.9286
2014-07-24,12.9572
2014-07-25,12.9445
2014-07-28,12.9878
2014-07-29,13.0578
2014-07-30,13.1357
2014-07-31,13.2269
2014-08-01,13.1932
2014-08-04,13.1962
2014-08-05,13.2716
2014-08-06,13.258
2014-08-07,13.2551
2014-08-08,13.236
2014-08-11,13.1998
2014-08-12,13.159
2014-08-13,13.1113
2014-08-14,13.0717
2014-08-15,13.0748
2014-08-18,13.0505
2014-08-19,13.0532
2014-08-20,13.0814
2014-08-21,13.0963
2014-08-22,13.1328
2014-08-25,13.1383
2014-08-26,13.1059
2014-08-27,13.0811
2014-08-28,13.1109
2014-08-29,13.0763
2014-09-01,13.0833
2014-09-02,13.1299
2014-09-03,13.0892
2014-09-04,13.0959
2014-09-05,13.0788
2014-09-08,13.0813
2014-09-09,13.2162
2014-09-10,13.2144
2014-09-11,13.2144
2014-09-12,13.2644
2014-09-15,13.2223
2014-09-17,13.1762
2014-09-18,13.2402
2014-09-19,13.2369
2014-09-22,13.2566
2014-09-23,13.2768
2014-09-24,13.3015
2014-09-25,13.3848
2014-09-26,13.4541
2014-09-29,13.4891
2014-09-30,13.433
2014-10-01,13.4455
2014-10-02,13.4026
2014-10-03,13.4835
2014-10-06,13.4089
2014-10-07,13.4332
2014-10-08,13.4786
2014-10-09,13.3789
2014-10-10,13.4331
2014-10-13,13.4203
2014-10-14,13.4094
2014-10-15,13.5423
2014-10-16,13.5616
2014-10-17,13.5231
2014-10-20,13.5357
2014-10-21,13.4989
2014-10-22,13.5559
2014-10-23,13.5288
2014-10-24,13.5263
2014-10-27,13.5701
2014-10-28,13.4843
2014-10-29,13.4239
2014-10-30,13.4316
2014-10-31,13.4773
2014-11-03,13.5503
2014-11-04,13.5925
2014-11-05,13.607
2014-11-06,13.6173
2014-11-07,13.5573
2014-11-10,13.5528
2014-11-11,13.5874
2014-11-12,13.5613
2014-11-13,13.5995
2014-11-14,13.5348
2014-11-18,13.5445
2014-11-19,13.6146
2014-11-20,13.6115
2014-11-21,13.6152
2014-11-24,13.6374
2014-11-25,13.642
2014-11-26,13.7219
2014-11-27,13.7667
2014-11-28,13.8965
2014-12-01,13.9262
2014-12-02,14.076
2014-12-03,14.0918
2014-12-04,14.1165
2014-12-05,14.3045
2014-12-08,14.4042
2014-12-09,14.3674
2014-12-10,14.5181
2014-12-11,14.6648
2014-12-15,14.7853
2014-12-16,14.7499
2014-12-17,14.6028
2014-12-18,14.5562
2014-12-19,14.6378
2014-12-22,14.6359
2014-12-23,14.7008
2014-12-24,14.7429
2014-12-26,14.6955
2014-12-29,14.718
2014-12-30,14.7348
2014-12-31,14.7414
2015-01-02,14.829
2015-01-05,14.9469
2015-01-06,14.8479
2015-01-07,14.7936
2015-01-08,14.6274
2015-01-09,14.5804
2015-01-12,14.6398
2015-01-13,14.5559
2015-01-14,14.5644
2015-01-15,14.5821
2015-01-16,14.6223
2015-01-19,14.6524
2015-01-20,14.6484
2015-01-21,14.6983
2015-01-22,14.612
2015-01-23,14.6499
2015-01-26,14.5887
2015-01-27,14.5872
2015-01-28,14.6878
2015-01-29,14.8414
2015-01-30,14.9885
2015-02-03,14.7566
2015-02-04,14.8011
2015-02-05,14.7548
2015-02-06,14.9024
2015-02-09,14.8014
2015-02-10,14.9309
2015-02-11,15.1099
2015-02-12,14.9167
2015-02-13,14.8605
2015-02-16,14.8979
2015-02-17,14.8971
2015-02-18,14.9473
2015-02-19,14.9583
2015-02-20,15.0757
2015-02-23,15.0832
2015-02-24,14.9712
2015-02-25,14.9228
2015-02-26,14.9624
2015-02-27,14.9553
2015-03-02,14.9862
2015-03-03,14.9544
2015-03-04,15.0756
2015-03-05,15.1686
2015-03-06,15.4445
2015-03-09,15.4544
2015-03-10,15.5837
2015-03-11,15.4455
2015-03-12,15.4003
2015-03-13,15.4892
2015-03-17,15.4271
2015-03-18,15.4192
2015-03-19,15.296
2015-03-20,15.0317
2015-03-23,14.9644
2015-03-24,14.9347
2015-03-25,14.9524
2015-03-26,15.1056
2015-03-27,15.1542
2015-03-30,15.2427
2015-03-31,15.2647
2015-04-01,15.1206
2015-04-06,14.8003
2015-04-07,14.9039
2015-04-08,14.9072
2015-04-09,15.0554
2015-04-10,15.1706
2015-04-13,15.2947
2015-04-14,15.2339
2015-04-15,15.3891
2015-04-16,15.2455
2015-04-17,15.3128
2015-04-20,15.3973
2015-04-21,15.3837
2015-04-22,15.4518
2015-04-23,15.3539
2015-04-24,15.3834
2015-04-27,15.3213
2015-04-28,15.2225
2015-04-29,15.2043
2015-04-30,15.3714
2015-05-04,15.494
2015-05-05,15.3225
2015-05-06,15.2825
2015-05-07,15.3397
2015-05-08,15.1424
2015-05-11,15.2624
2015-05-12,15.3211
2015-05-13,15.2213
2015-05-14,15.1235
2015-05-15,15.0225
2015-05-18,15.12
2015-05-19,15.2008
2015-05-20,15.212
2015-05-21,15.2326
2015-05-22,15.2918
2015-05-25,15.2635
2015-05-26,15.3235
2015-05-27,15.3581
2015-05-28,15.3737
2015-05-29,15.3815
2015-06-01,15.4845
2015-06-02,15.4128
2015-06-03,15.4833
2015-06-04,15.5347
2015-06-05,15.6958
2015-06-08,15.6715
2015-06-09,15.5645
2015-06-10,15.4779
2015-06-11,15.4409
2015-06-12,15.4129
2015-06-15,15.4327
2015-06-16,15.4192
2015-06-17,15.4199
2015-06-18,15.2828
2015-06-19,15.3274
2015-06-22,15.3072
2015-06-23,15.4088
2015-06-24,15.4555
2015-06-25,15.4816
2015-06-26,15.5676
2015-06-29,15.6599
2015-06-30,15.6854
2015-07-01,15.7829
2015-07-02,15.6821
2015-07-03,15.6918
2015-07-06,15.753
2015-07-07,15.8281
2015-07-08,15.8174
2015-07-09,15.7856
2015-07-10,15.7329
2015-07-13,15.7404
2015-07-14,15.6728
2015-07-15,15.747
2015-07-16,15.8014
2015-07-17,15.9121
2015-07-20,15.9856
2015-07-21,15.9728
2015-07-22,16.095
2015-07-23,16.0988
2015-07-24,16.2364
2015-07-27,16.2681
2015-07-28,16.2638
2015-07-29,16.214
2015-07-30,16.4512
2015-07-31,16.0772
2015-08-03,16.1129
2015-08-04,16.1736
2015-08-05,16.3762
2015-08-06,16.3533
2015-08-07,16.1645
2015-08-10,16.1652
2015-08-11,16.3241
2015-08-12,16.2976
2015-08-13,16.3541
2015-08-14,16.3658
2015-08-17,16.3993
2015-08-18,16.4317
2015-08-19,16.4908
2015-08-20,16.7182
2015-08-21,16.9171
2015-08-24,17.0975
2015-08-25,16.9859
2015-08-26,17.1065
2015-08-27,16.8863
2015-08-28,16.7684
2015-08-31,16.7829
2015-09-01,16.8692
2015-09-02,16.9444
2015-09-03,16.7918
2015-09-04,16.8454
2015-09-07,16.988
2015-09-08,16.7979
2015-09-09,16.7773
2015-09-10,16.8103
2015-09-11,16.8261
2015-09-14,16.8168
2015-09-15,16.7716
2015-09-17,16.568
2015-09-18,16.539
2015-09-21,16.6865
2015-09-22,16.8713
2015-09-23,17.0453
2015-09-24,17.1149
2015-09-25,16.9595
2015-09-28,17.0073
2015-09-29,17.0771
2015-09-30,16.9053
2015-10-01,16.8566
2015-10-02,16.8162
2015-10-05,16.6941
2015-10-06,16.6878
2015-10-07,16.5762
2015-10-08,16.5464
2015-10-09,16.418
2015-10-12,16.4219
2015-10-13,16.5848
2015-10-14,16.5804
2015-10-15,16.425
2015-10-16,16.3959
2015-10-19,16.4899
2015-10-20,16.5618
2015-10-21,16.66
2015-10-22,16.5284
2015-10-23,16.5138
2015-10-26,16.4998
2015-10-27,16.5545
2015-10-28,16.4503
2015-10-29,16.6219
2015-10-30,16.5244
2015-11-03,16.4196
2015-11-04,16.5147
2015-11-05,16.5959
2015-11-06,16.8382
2015-11-09,16.87
2015-11-10,16.7658
2015-11-11,16.7173
2015-11-12,16.7406
2015-11-13,16.7395
2015-11-17,16.757
2015-11-18,16.7636
2015-11-19,16.5748
2015-11-20,16.512
2015-11-23,16.5306
2015-11-24,16.4705
2015-11-25,16.5548
2015-11-26,16.5492
2015-11-27,16.5784
2015-11-30,16.5856
2015-12-01,16.5104
2015-12-02,16.5933
2015-12-03,16.7095
2015-12-04,16.6757
2015-12-07,16.9044
2015-12-08,17.0164
2015-12-09,17.016
2015-12-10,17.075
2015-12-11,17.3592
2015-12-14,17.3776
2015-12-15,17.1529
2015-12-16,17.136
2015-12-17,17.1
2015-12-18,17.0139
2015-12-21,17.1034
2015-12-22,17.1847
2015-12-23,17.1953
2015-12-24,17.276
2015-12-28,17.271
2015-12-29,17.2065
2015-12-30,17.3398
2015-12-31,17.2487
2016-01-04,17.3529
2016-01-05,17.3456
2016-01-06,17.4411
2016-01-07,17.6568
2016-01-08,17.9283
2016-01-11,17.9304
2016-01-12,17.9119
2016-01-13,17.85
2016-01-14,17.9121
2016-01-15,18.2108
2016-01-18,18.2327
2016-01-19,18.1947
2016-01-20,18.608
2016-01-21,18.5084
2016-01-22,18.428
2016-01-25,18.5352
2016-01-26,18.4715
2016-01-27,18.453
2016-01-28,18.2906
2016-01-29,18.1935
2016-02-02,18.4902
2016-02-03,18.4537
2016-02-04,18.1891
2016-02-05,18.3748
2016-02-08,18.6959
2016-02-09,18.7818
2016-02-10,18.8089
2016-02-11,19.1754
2016-02-12,19.0392
2016-02-15,18.8471
2016-02-16,18.8148
2016-02-17,18.3895
2016-02-18,18.1439
2016-02-19,18.2762
2016-02-22,18.0568
2016-02-23,18.1948
2016-02-24,18.2893
2016-02-25,18.168
2016-02-26,18.1706
2016-02-29,18.102
2016-03-01,17.9432
2016-03-02,17.8561
2016-03-03,17.8971
2016-03-04,17.7723
2016-03-07,17.7526
2016-03-08,17.9044
2016-03-09,17.7523
2016-03-10,17.8601
2016-03-11,17.7002
2016-03-14,17.7691
2016-03-15,17.926
2016-03-16,17.9308
2016-03-17,17.4034
2016-03-18,17.2995
2016-03-22,17.3361
2016-03-23,17.5273
2016-03-28,17.461
2016-03-29,17.4015
2016-03-30,17.2509
2016-03-31,17.237
2016-04-01,17.3338
2016-04-04,17.4484
2016-04-05,17.7252
2016-04-06,17.7286
2016-04-07,17.893
2016-04-08,17.7391
2016-04-11,17.6452
2016-04-12,17.5719
2016-04-13,17.49
2016-04-14,17.388
2016-04-15,17.5669
2016-04-18,17.4598
2016-04-19,17.2825
2016-04-20,17.3078
2016-04-21,17.4202
2016-04-22,17.4359
2016-04-25,17.5866
2016-04-26,17.4298
2016-04-27,17.3993
2016-04-28,17.2125
2016-04-29,17.1767
2016-05-02,17.2279
2016-05-03,17.5234
2016-05-04,17.7358
2016-05-05,17.7866
2016-05-06,17.9204
2016-05-09,18.1033
2016-05-10,18.0205
2016-05-11,17.9549
2016-05-12,17.9915
2016-05-13,18.1562
2016-05-16,18.1795
2016-05-17,18.3217
2016-05-18,18.3761
2016-05-19,18.5465
2016-05-20,18.3826
2016-05-23,18.4444
2016-05-24,18.4694
2016-05-25,18.452
2016-05-26,18.4572
2016-05-27,18.4527
2016-05-30,18.4777
2016-05-31,18.4118
2016-06-01,18.5299
2016-06-02,18.6097
2016-06-03,18.6283
2016-06-06,18.5889
2016-06-07,18.5067
2016-06-08,18.1491
2016-06-09,18.2742
2016-06-10,18.5046
2016-06-13,18.7915
2016-06-14,18.9814
2016-06-15,18.8672
2016-06-16,18.9968
2016-06-17,18.8527
2016-06-20,18.6559
2016-06-21,18.6444
2016-06-22,18.5325
2016-06-23,18.3207
2016-06-24,18.8716
2016-06-27,19.1283
2016-06-28,18.9113
2016-06-29,18.555
2016-06-30,18.4646
2016-07-01,18.309
2016-07-04,18.3858
2016-07-05,18.7536
2016-07-06,18.8161
2016-07-07,18.8607
2016-07-08,18.5991
2016-07-11,18.4597
2016-07-12,18.3006
2016-07-13,18.3937
2016-07-14,18.3061
2016-07-15,18.492
2016-07-18,18.4879
2016-07-19,18.5719
2016-07-20,18.5729
2016-07-21,18.6022
2016-07-22,18.6089
2016-07-25,18.7569
2016-07-26,18.8114
2016-07-27,18.8602
2016-07-28,18.8979
2016-07-29,18.7837
2016-08-01,18.8504
2016-08-02,18.8966
2016-08-03,18.9117
2016-08-04,18.8612
2016-08-05,18.8691
2016-08-08,18.5716
2016-08-09,18.3842
2016-08-10,18.3479
2016-08-11,18.2678
2016-08-12,18.2455
2016-08-15,18.0363
2016-08-16,17.9869
2016-08-17,18.2598
2016-08-18,18.0832
2016-08-19,18.2674
2016-08-22,18.3023
2016-08-23,18.3202
2016-08-24,18.4971
2016-08-25,18.446
2016-08-26,18.283
2016-08-29,18.5773
2016-08-30,18.7953
2016-08-31,18.8611
2016-09-01,18.8523
2016-09-02,18.6589
2016-09-05,18.5581
2016-09-06,18.3524
2016-09-07,18.3689
2016-09-08,18.5427
2016-09-09,18.8451
2016-09-12,19.0646
2016-09-13,19.152
2016-09-14,19.2275
2016-09-15,19.2514
2016-09-19,19.6097
2016-09-20,19.777
2016-09-21,19.8394
2016-09-22,19.5965
2016-09-23,19.7211
2016-09-26,19.8322
2016-09-27,19.5044
2016-09-28,19.5002
2016-09-29,19.4086
2016-09-30,19.3776
2016-10-03,19.3211
2016-10-04,19.2138
2016-10-05,19.2554
2016-10-06,19.2433
2016-10-07,19.2994
2016-10-10,18.8786
2016-10-11,18.9531
2016-10-12,18.9622
2016-10-13,19.0399
2016-10-14,19.0046
2016-10-17,18.8723
2016-10-18,18.6726
2016-10-19,18.5894
2016-10-20,18.5945
2016-10-21,18.6481
2016-10-24,18.5658
2016-10-25,18.5147
2016-10-26,18.6485
2016-10-27,18.8443
2016-10-28,18.7304
2016-10-31,18.8887
2016-11-01,19.1306
2016-11-03,19.2014
2016-11-04,19.0792
2016-11-07,18.6192
2016-11-08,18.5089
2016-11-09,19.925
2016-11-10,20.4812
2016-11-11,21.0511
2016-11-14,20.8729
2016-11-15,20.349
2016-11-16,20.2884
2016-11-17,20.1898
2016-11-18,20.4193
2016-11-22,20.5205
2016-11-23,20.6901
2016-11-24,20.7051
2016-11-25,20.6475
2016-11-28,20.5521
2016-11-29,20.6225
2016-11-30,20.5155
2016-12-01,20.7488
2016-12-02,20.6149
2016-12-05,20.5927
2016-12-06,20.3863
2016-12-07,20.2967
2016-12-08,20.4162
2016-12-09,20.3305
2016-12-13,20.2567
2016-12-14,20.2226
2016-12-15,20.5973
2016-12-16,20.428
2016-12-19,20.4098
2016-12-20,20.43
2016-12-21,20.4921
2016-12-22,20.7179
2016-12-23,20.6271
2016-12-26,20.6445
2016-12-27,20.7052
2016-12-28,20.7314
2016-12-29,20.664
2016-12-30,20.6194
2017-01-02,20.7323
2017-01-03,20.852
2017-01-04,21.3799
2017-01-05,21.3661
2017-01-06,21.3144
2017-01-09,21.3219
2017-01-10,21.6168
2017-01-11,21.9076
2017-01-12,21.7204
2017-01-13,21.633
2017-01-16,21.6643
2017-01-17,21.5738
2017-01-18,21.8514
2017-01-19,21.9044
2017-01-20,21.7002
2017-01-23,21.4512
2017-01-24,21.3692
2017-01-25,21.3439
2017-01-26,21.2024
2017-01-27,21.0212
2017-01-30,20.7588
2017-01-31,20.7908
2017-02-01,20.7752
2017-02-02,20.5757
2017-02-03,20.3439
2017-02-07,20.637
2017-02-08,20.4994
2017-02-09,20.4163
2017-02-10,20.3535
2017-02-13,20.328
2017-02-14,20.3507
2017-02-15,20.3254
2017-02-16,20.3325
2017-02-17,20.4526
2017-02-20,20.4059
2017-02-21,20.4489
2017-02-22,19.9127
2017-02-23,19.7011
2017-02-24,19.8335
2017-02-27,19.8322
2017-02-28,19.9957
2017-03-01,19.9007
2017-03-02,19.9373
2017-03-03,19.6147
2017-03-06,19.5538
2017-03-07,19.521
2017-03-08,19.6007
2017-03-09,19.7974
2017-03-10,19.6279
2017-03-13,19.5803
2017-03-14,19.6543
2017-03-15,19.4493
2017-03-16,19.173
2017-03-17,19.117
2017-03-21,19.107
2017-03-22,19.0837
2017-03-23,18.9877
2017-03-24,18.8528
2017-03-27,18.8661
2017-03-28,18.8853
2017-03-29,18.8092
2017-03-30,18.7079
2017-03-31,18.7955
2017-04-03,18.732
2017-04-04,18.8334
2017-04-05,18.7192
2017-04-06,18.7696
2017-04-07,18.656
2017-04-10,18.6923
2017-04-11,18.7646
2017-04-12,18.7528
2017-04-17,18.5582
2017-04-18,18.4863
2017-04-19,18.8374
2017-04-20,18.8187
2017-04-21,18.8413
2017-04-24,18.6521
2017-04-25,18.9225
2017-04-26,19.1119
2017-04-27,19.067
2017-04-28,18.9594
2017-05-02,18.7731
2017-05-03,18.8031
2017-05-04,19.0019
2017-05-05,19.0137
2017-05-08,19.1164
2017-05-09,19.1364
2017-05-10,18.9587
2017-05-11,18.9039
2017-05-12,18.7594
2017-05-15,18.67
2017-05-16,18.6183
2017-05-17,18.6761
2017-05-18,18.8898
2017-05-19,18.6859
2017-05-22,18.6633
2017-05-23,18.615
2017-05-24,18.5689
2017-05-25,18.4185
2017-05-26,18.4849
2017-05-29,18.5121
2017-05-30,18.6643
2017-05-31,18.6909
2017-06-01,18.5941
2017-06-02,18.6204
2017-06-05,18.3819
2017-06-06,18.2762
2017-06-07,18.2278
2017-06-08,18.1946
2017-06-09,18.1939
2017-06-12,18.1802
2017-06-13,18.0725
2017-06-14,17.9343
2017-06-15,18.1154
2017-06-16,17.9321
2017-06-19,17.9519
2017-06-20,18.1167
2017-06-21,18.157
2017-06-22,18.127
2017-06-23,17.99
2017-06-26,17.8775
2017-06-27,17.9862
2017-06-28,17.8973
2017-06-29,18.0279
2017-06-30,18.0626
2017-07-03,18.2064
2017-07-04,18.2036
2017-07-05,18.3556
2017-07-06,18.3227
2017-07-07,18.1394
2017-07-10,17.9751
2017-07-11,17.9482
2017-07-12,17.7708
2017-07-13,17.7422
2017-07-14,17.5613
2017-07-17,17.5836
2017-07-18,17.5134
2017-07-19,17.4937
2017-07-20,17.526
2017-07-21,17.5618
2017-07-24,17.6893
2017-07-25,17.7492
2017-07-26,17.7561
2017-07-27,17.6886
2017-07-28,17.7435
2017-07-31,17.8646
2017-08-01,17.8108
2017-08-02,17.8696
2017-08-03,17.8733
2017-08-04,17.8798
2017-08-07,17.9641
2017-08-08,17.916
2017-08-09,17.9671
2017-08-10,17.9073
2017-08-11,17.847
2017-08-14,17.7755
2017-08-15,17.8483
2017-08-16,17.716
2017-08-17,17.7324
2017-08-18,17.8584
2017-08-21,17.6501
2017-08-22,17.6458
2017-08-23,17.7113
2017-08-24,17.6977
2017-08-25,17.6205
2017-08-28,17.8049
2017-08-29,17.876
2017-08-30,17.7753
2017-08-31,17.8145
2017-09-01,17.7861
2017-09-04,17.8683
2017-09-05,17.836
2017-09-06,17.8136
2017-09-07,17.6965
2017-09-08,17.7331
2017-09-11,17.6443
2017-09-12,17.781
2017-09-13,17.7836
2017-09-14,17.7278
2017-09-15,17.6857
2017-09-18,17.761
2017-09-19,17.7643
2017-09-20,17.7009
2017-09-21,17.8545
2017-09-22,17.7487
2017-09-25,17.8831
2017-09-26,17.9933
2017-09-27,18.13
2017-09-28,18.1979
2017-09-29,18.159
2017-10-02,18.2337
2017-10-03,18.2113
2017-10-04,18.2282
2017-10-05,18.306
2017-10-06,18.5522
2017-10-09,18.6646
2017-10-10,18.6327
2017-10-11,18.718
2017-10-12,18.7631
2017-10-13,18.9008
2017-10-16,19.0753
2017-10-17,19.0117
2017-10-18,18.8869
2017-10-19,18.8248
2017-10-20,19.008
2017-10-23,19.0489
2017-10-24,19.2009
2017-10-25,19.077
2017-10-26,19.096
2017-10-27,19.1474
2017-10-30,19.2188
2017-10-31,19.1478
2017-11-01,19.1241
2017-11-03,19.185
2017-11-06,19.0814
2017-11-07,19.1349
2017-11-08,19.0718
2017-11-09,19.09
2017-11-10,19.0526
2017-11-13,19.168
2017-11-14,19.1334
2017-11-15,19.2268
2017-11-16,19.1224
2017-11-17,18.9724
2017-11-21,18.8242
2017-11-22,18.74
2017-11-23,18.6041
2017-11-24,18.5379
2017-11-27,18.52
2017-11-28,18.5848
2017-11-29,18.519
2017-11-30,18.6229
2017-12-01,18.6399
2017-12-04,18.642
2017-12-05,18.6958
2017-12-06,18.8897
2017-12-07,18.9315
2017-12-08,18.9445
2017-12-11,18.974
2017-12-13,19.1391
2017-12-14,19.1202
2017-12-15,19.1289
2017-12-18,19.0289
2017-12-19,19.1913
2017-12-20,19.2291
2017-12-21,19.3962
2017-12-22,19.5848
2017-12-26,19.7223
2017-12-27,19.7867
2017-12-28,19.7354
2017-12-29,19.6629
2018-01-02,19.4899
2018-01-03,19.3717
2018-01-04,19.2427
2018-01-05,19.2737
2018-01-08,19.2323
